code,display_name,city,raw_name
ACM00078861,"Coolidge Field (Ua), Antigua and Barbuda",Coolidge Field (Ua),COOLIDGE FIELD (UA)
AEM00041217,"Abu Dhabi International Air, United Arab Emirates",Abu Dhabi International Air,ABU DHABI INTERNATIONAL AIR
AEXUAE05467,"Sharjah, United Arab Emirates",Sharjah,SHARJAH
AFM00040911,"Mazar-I-Sharif, Afghanistan",Mazar-I-Sharif,MAZAR-I-SHARIF
AFM00040913,"Kunduz, Afghanistan",Kunduz,KUNDUZ
AFM00040938,"Herat, Afghanistan",Herat,HERAT
AFM00040948,"Kabul Airport, Afghanistan",Kabul Airport,KABUL AIRPORT
AFM00040990,"Kandahar Airport, Afghanistan",Kandahar Airport,KANDAHAR AIRPORT
AGM00060355,"Skikda, Algeria",Skikda,SKIKDA
AGM00060360,"Annaba, Algeria",Annaba,ANNABA
AGM00060390,"Dar-El-Beida, Algeria",Dar-El-Beida,DAR-EL-BEIDA
AGM00060402,"Bejaia-Aeroport, Algeria",Bejaia-Aeroport,BEJAIA-AEROPORT
AGM00060419,"Constantine, Algeria",Constantine,CONSTANTINE
AGM00060425,"Chlef, Algeria",Chlef,CHLEF
AGM00060430,"Miliana, Algeria",Miliana,MILIANA
AGM00060445,"Setif, Algeria",Setif,SETIF
AGM00060475,"Tebessa, Algeria",Tebessa,TEBESSA
AGM00060490,"Oran-Senia, Algeria",Oran-Senia,ORAN-SENIA
AGM00060511,"Tiaret, Algeria",Tiaret,TIARET
AGM00060525,"Biskra, Algeria",Biskra,BISKRA
AGM00060535,"Djelfa, Algeria",Djelfa,DJELFA
AGM00060549,"Mecheria, Algeria",Mecheria,MECHERIA
AGM00060550,"El-Bayadh, Algeria",El-Bayadh,EL-BAYADH
AGM00060559,"El-Oued, Algeria",El-Oued,EL-OUED
AGM00060566,"Ghardaia, Algeria",Ghardaia,GHARDAIA
AGM00060571,"Bechar, Algeria",Bechar,BECHAR
AGM00060580,"Ouargla, Algeria",Ouargla,OUARGLA
AGM00060590,"El-Golea, Algeria",El-Golea,EL-GOLEA
AGM00060602,"Beni-Abbes, Algeria",Beni-Abbes,BENI-ABBES
AGM00060607,"Timimoun, Algeria",Timimoun,TIMIMOUN
AGM00060611,"In-Amenas, Algeria",In-Amenas,IN-AMENAS
AGM00060620,"Adrar, Algeria",Adrar,ADRAR
AGM00060625,"Aoulef, Algeria",Aoulef,AOULEF
AGM00060630,"In-Salah, Algeria",In-Salah,IN-SALAH
AGM00060640,"Illizi, Algeria",Illizi,ILLIZI
AGM00060656,"Tindouf, Algeria",Tindouf,TINDOUF
AGM00060670,"Djanet, Algeria",Djanet,DJANET
AGM00060678,"In Amguel, Algeria",In Amguel,IN AMGUEL
AGM00060680,"Tamanrasset, Algeria",Tamanrasset,TAMANRASSET
AGM00060686,"Bordj-Badj-Mokhtar, Algeria",Bordj-Badj-Mokhtar,BORDJ-BADJ-MOKHTAR
AGXUAE04843,"Alger, Algeria",Alger,ALGER
AJM00037575,"Zakatala, Azerbaijan",Zakatala,ZAKATALA
AJM00037735,"Gandja, Azerbaijan",Gandja,GANDJA
AJM00037747,"Evlakh Airport, Azerbaijan",Evlakh Airport,EVLAKH AIRPORT
AJM00037860,"Mashtaga, Azerbaijan",Mashtaga,MASHTAGA
AJM00037895,"Khankandy, Azerbaijan",Khankandy,KHANKANDY
AJM00037936,"Naxcivan, Azerbaijan",Naxcivan,NAXCIVAN
AJM00037985,"Lankaran, Azerbaijan",Lankaran,LANKARAN
AMM00037686,"Gumri, Armenia",Gumri,GUMRI
AMM00037789,"Yerevan Aero, Armenia",Yerevan Aero,YEREVAN AERO
AOM00066152,"Dundo, Angola",Dundo,DUNDO
AOM00066160,"Luanda, Angola",Luanda,LUANDA
AOM00066285,"Luena, Angola",Luena,LUENA
AOM00066318,"Huambo, Angola",Huambo,HUAMBO
AOM00066390,"Lubango Sa Da Bandeira, Angola",Lubango Sa Da Bandeira,LUBANGO SA DA BANDEIRA
AOM00066422,"Mocamedes, Angola",Mocamedes,MOCAMEDES
AOXUAE05971,"Lobito, Angola",Lobito,LOBITO
AQM00091765,"Pago Pago/Int.Airp. America, American Samoa",Pago Pago,PAGO PAGO/INT.AIRP. AMERICA
AQW00061704,"Leone Bay American S, American Samoa",Leone Bay American S,LEONE BAY AMERICAN S
ARM00087047,"Salta Aero, Argentina",Salta Aero,SALTA AERO
ARM00087155,"Resistencia Aero, Argentina",Resistencia Aero,RESISTENCIA AERO
ARM00087157,"Resistencia, Argentina",Resistencia,RESISTENCIA
ARM00087244,"Villa De Maria Del Rio Seco, Argentina",Villa De Maria Del Rio Seco,VILLA DE MARIA DEL RIO SECO
ARM00087344,"Cordoba Aero, Argentina",Cordoba Aero,CORDOBA AERO
ARM00087418,"Mendoza Aero, Argentina",Mendoza Aero,MENDOZA AERO
ARM00087420,"Observ Mendoza, Argentina",Observ Mendoza,OBSERV MENDOZA
ARM00087576,"Ezeiza Aero, Argentina",Ezeiza Aero,EZEIZA AERO
ARM00087582,"Aeroparque Aero, Argentina",Aeroparque Aero,AEROPARQUE AERO
ARM00087585,"Buenos Aires Observatorio, Argentina",Buenos Aires Observatorio,BUENOS AIRES OBSERVATORIO
ARM00087596,"Punta Indio B.A., Argentina",Punta Indio B.A.,PUNTA INDIO B.A.
ARM00087623,"Santa Rosa Aero, Argentina",Santa Rosa Aero,SANTA ROSA AERO
ARM00087715,"Neuquen Aero, Argentina",Neuquen Aero,NEUQUEN AERO
ARM00087748,"Comandante Espora, Argentina",Comandante Espora,COMANDANTE ESPORA
ARM00087827,"Almirante Zar, Argentina",Almirante Zar,ALMIRANTE ZAR
ARM00087860,"Comodoro Rivadavia Aero, Argentina",Comodoro Rivadavia Aero,COMODORO RIVADAVIA AERO
ARM00087926,"Rio Gallegos B. A., Argentina",Rio Gallegos B. A.,RIO GALLEGOS B. A.
ARM00087934,"Rio Grande Airport, Argentina",Rio Grande Airport,RIO GRANDE AIRPORT
ARM00087938,"Ushuaia, Argentina",Ushuaia,USHUAIA
ARM00088946,"Corbeta Uruguay Dn, Argentina",Corbeta Uruguay Dn,CORBETA URUGUAY DN
ASM00094120,"Darwin Airport, Australia",Darwin Airport,DARWIN AIRPORT
ASM00094155,"East Arnhem, Australia",East Arnhem,EAST ARNHEM
ASM00094170,"Weipa Aero, Australia",Weipa Aero,WEIPA AERO
ASM00094175,"Usaf-Ds3-659, Australia",Usaf-Ds3-659,USAF-DS3-659
ASM00094203,"Broome Airport, Australia",Broome Airport,BROOME AIRPORT
ASM00094205,"Derby, Australia",Derby,DERBY
ASM00094212,"Halls Creek Airport, Australia",Halls Creek Airport,HALLS CREEK AIRPORT
ASM00094234,"Daly Waters, Australia",Daly Waters,DALY WATERS
ASM00094238,"Tennant Creek Airport, Australia",Tennant Creek Airport,TENNANT CREEK AIRPORT
ASM00094259,"Burketown, Australia",Burketown,BURKETOWN
ASM00094266,"Normanton Airport, Australia",Normanton Airport,NORMANTON AIRPORT
ASM00094287,"Cairns Aero, Australia",Cairns Aero,CAIRNS AERO
ASM00094294,"Townsville Aero, Australia",Townsville Aero,TOWNSVILLE AERO
ASM00094299,"Willis Island, Australia",Willis Island,WILLIS ISLAND
ASM00094300,"Carnarvon Airport, Australia",Carnarvon Airport,CARNARVON AIRPORT
ASM00094302,"Learmonth Airport, Australia",Learmonth Airport,LEARMONTH AIRPORT
ASM00094305,"Onslow, Australia",Onslow,ONSLOW
ASM00094312,"Port Hedland Airport, Australia",Port Hedland Airport,PORT HEDLAND AIRPORT
ASM00094326,"Alice Springs Airport, Australia",Alice Springs Airport,ALICE SPRINGS AIRPORT
ASM00094332,"Mount Isa Aero, Australia",Mount Isa Aero,MOUNT ISA AERO
ASM00094335,"Cloncurry, Australia",Cloncurry,CLONCURRY
ASM00094346,"Longreach Aero, Australia",Longreach Aero,LONGREACH AERO
ASM00094367,"Mackay M.O, Australia",Mackay M.O,MACKAY M.O
ASM00094374,"Rockhampton Aero, Australia",Rockhampton Aero,ROCKHAMPTON AERO
ASM00094380,"Gladstone, Australia",Gladstone,GLADSTONE
ASM00094403,"Geraldton Airport, Australia",Geraldton Airport,GERALDTON AIRPORT
ASM00094430,"Meekatharra Airport, Australia",Meekatharra Airport,MEEKATHARRA AIRPORT
ASM00094461,"Giles Meteorological Office, Australia",Giles Meteorological Office,GILES METEOROLOGICAL OFFICE
ASM00094476,"Oodnadatta, Australia",Oodnadatta,OODNADATTA
ASM00094510,"Charleville Aero, Australia",Charleville Aero,CHARLEVILLE AERO
ASM00094568,"Amberley, Australia",Amberley,AMBERLEY
ASM00094578,"Brisbane Aero, Australia",Brisbane Aero,BRISBANE AERO
ASM00094610,"Perth Airport, Australia",Perth Airport,PERTH AIRPORT
ASM00094637,"Kalgoorlie-Boulder Airport, Australia",Kalgoorlie-Boulder Airport,KALGOORLIE-BOULDER AIRPORT
ASM00094638,"Esperance, Australia",Esperance,ESPERANCE
ASM00094646,"Forrest Airport, Australia",Forrest Airport,FORREST AIRPORT
ASM00094647,"Eucla, Australia",Eucla,EUCLA
ASM00094653,"Ceduna Amo, Australia",Ceduna Amo,CEDUNA AMO
ASM00094659,"Woomera Aerodrome, Australia",Woomera Aerodrome,WOOMERA AERODROME
ASM00094672,"Adelaide Airport, Australia",Adelaide Airport,ADELAIDE AIRPORT
ASM00094693,"Mildura Airport, Australia",Mildura Airport,MILDURA AIRPORT
ASM00094703,"Bourke (S23'05'11'17), Australia",Bourke (S23'05'11'17),BOURKE (S23'05'11'17)
ASM00094711,"Cobar Mo, Australia",Cobar Mo,COBAR MO
ASM00094723,"Wellington, Australia",Wellington,WELLINGTON
ASM00094750,"Nowra Ran Air Station Aws, Australia",Nowra Ran Air Station Aws,NOWRA RAN AIR STATION AWS
ASM00094767,"Sydney Airport Amo, Australia",Sydney Airport Amo,SYDNEY AIRPORT AMO
ASM00094773,"Armidale, Australia",Armidale,ARMIDALE
ASM00094776,"Williamtown Raaf, Australia",Williamtown Raaf,WILLIAMTOWN RAAF
ASM00094791,"Coffs Harbour Mo, Australia",Coffs Harbour Mo,COFFS HARBOUR MO
ASM00094802,"Albany Airport, Australia",Albany Airport,ALBANY AIRPORT
ASM00094821,"Mount Gambier Aero, Australia",Mount Gambier Aero,MOUNT GAMBIER AERO
ASM00094865,"Laverton Aerodrome, Australia",Laverton Aerodrome,LAVERTON AERODROME
ASM00094866,"Melbourne Airport, Australia",Melbourne Airport,MELBOURNE AIRPORT
ASM00094907,"East Sale (Aus-Afb), Australia",East Sale (Aus-Afb),EAST SALE (AUS-AFB)
ASM00094910,"Wagga Wagga Amo, Australia",Wagga Wagga Amo,WAGGA WAGGA AMO
ASM00094926,"Canberra Airport, Australia",Canberra Airport,CANBERRA AIRPORT
ASM00094968,"Launceston Airport, Australia",Launceston Airport,LAUNCESTON AIRPORT
ASM00094970,"Hobart, Australia",Hobart,HOBART
ASM00094974,"Geogertown, Australia",Geogertown,GEOGERTOWN
ASM00094975,"Hobart Airport West, Australia",Hobart Airport West,HOBART AIRPORT WEST
ASM00094995,"Lord Howe Island Aero, Australia",Lord Howe Island Aero,LORD HOWE ISLAND AERO
ASM00094998,"Macquarie Island, Australia",Macquarie Island,MACQUARIE ISLAND
ASM00095527,"Moree Aero, Australia",Moree Aero,MOREE AERO
ASM00095607,"Ludlow, Australia",Ludlow,LUDLOW
ASXUA942005,"Talgarno, Australia",Talgarno,TALGARNO
ASXUA946505,"Maralinga, Australia",Maralinga,MARALINGA
ATM00094001,"Yeppoon (Barmaryee), Ashmore and Cartier Islands",Yeppoon (Barmaryee),YEPPOON (BARMARYEE)
ATM00094005,"Clifton Beach, Ashmore and Cartier Islands",Clifton Beach,CLIFTON BEACH
ATM00094772,"Guyra Hospital, Ashmore and Cartier Islands",Guyra Hospital,GUYRA HOSPITAL
ATM00094775,"Tocal Aws, Ashmore and Cartier Islands",Tocal Aws,TOCAL AWS
ATM00095282,"Woodstock, Ashmore and Cartier Islands",Woodstock,WOODSTOCK
ATM00095954,"Kennaook / Cape Grim, Ashmore and Cartier Islands",Kennaook ,KENNAOOK / CAPE GRIM
AUM00011010,"Linz/Hoersching-Flughafen, Austria",Linz,LINZ/HOERSCHING-FLUGHAFEN
AUM00011035,"Wien/Hohe Warte (11035-0), Austria",Wien,WIEN/HOHE WARTE (11035-0)
AUM00011120,"Innsbruck-Flughafen, Austria",Innsbruck-Flughafen,INNSBRUCK-FLUGHAFEN
AUM00011240,"Graz-Thalerhof-Flughafen, Austria",Graz-Thalerhof-Flughafen,GRAZ-THALERHOF-FLUGHAFEN
AYM00088967,"General Belgrano, Antarctica",General Belgrano,GENERAL BELGRANO
AYM00089001,"Usaf-Ds3-617, Antarctica",Usaf-Ds3-617,USAF-DS3-617
AYM00089002,"Georg Von Neumayer, Antarctica",Georg Von Neumayer,GEORG VON NEUMAYER
AYM00089009,"Amundsen Scott, Antarctica",Amundsen Scott,AMUNDSEN SCOTT
AYM00089022,"Halley, Antarctica",Halley,HALLEY
AYM00089050,"Bellingshausen Aws, Antarctica",Bellingshausen Aws,BELLINGSHAUSEN AWS
AYM00089051,"Petrel Nas, Antarctica",Petrel Nas,PETREL NAS
AYM00089055,"Base Marambio, Antarctica",Base Marambio,BASE MARAMBIO
AYM00089056,"Centro Met. Anti Rtico Pres, Antarctica",Centro Met. Anti Rtico Pres,CENTRO MET. ANTI RTICO PRES
AYM00089062,"Rothera, Antarctica",Rothera,ROTHERA
AYM00089063,"Vernadsky, Antarctica",Vernadsky,VERNADSKY
AYM00089125,"Usaf-Ds3-619, Antarctica",Usaf-Ds3-619,USAF-DS3-619
AYM00089512,"Novolazarevskaja, Antarctica",Novolazarevskaja,NOVOLAZAREVSKAJA
AYM00089522,"Base Roi Baudouin, Antarctica",Base Roi Baudouin,BASE ROI BAUDOUIN
AYM00089532,"Syowa, Antarctica",Syowa,SYOWA
AYM00089542,"Usaf-Ds3-620, Antarctica",Usaf-Ds3-620,USAF-DS3-620
AYM00089557,"Sovietskava, Antarctica",Sovietskava,SOVIETSKAVA
AYM00089564,"Mawson, Antarctica",Mawson,MAWSON
AYM00089571,"Davis, Antarctica",Davis,DAVIS
AYM00089592,"Mirnyj (89592-0), Antarctica",Mirnyj (89592-0),MIRNYJ (89592-0)
AYM00089593,"Pionerskava, Antarctica",Pionerskava,PIONERSKAVA
AYM00089601,"Bunger Oasis, Antarctica",Bunger Oasis,BUNGER OASIS
AYM00089606,"Vostok, Antarctica",Vostok,VOSTOK
AYM00089611,"Casey, Antarctica",Casey,CASEY
AYM00089625,"Concordia, Antarctica",Concordia,CONCORDIA
AYM00089642,"Dumont D'Urville, Antarctica",Dumont D'Urville,DUMONT D'URVILLE
AYM00089657,"Leningradskaja, Antarctica",Leningradskaja,LENINGRADSKAJA
AYM00089662,"Mario Zuchelli Station, Antarctica",Mario Zuchelli Station,MARIO ZUCHELLI STATION
AYM00089664,"Mcmurdo, Antarctica",Mcmurdo,MCMURDO
AYM00089671,"Adare Hallett, Antarctica",Adare Hallett,ADARE HALLETT
AYM00089859,"Jang Bogo, Antarctica",Jang Bogo,JANG BOGO
AYW00057401,"Ellsworth Igy, Antarctica",Ellsworth Igy,ELLSWORTH IGY
AYW00067401,"Little Rockford, Antarctica",Little Rockford,LITTLE ROCKFORD
AYW00067402,"Little Rockford, Antarctica",Little Rockford,LITTLE ROCKFORD
AYXUA891755,"Little America, Antarctica",Little America,LITTLE AMERICA
AYXUAE05498,"Little America I, Antarctica",Little America I,LITTLE AMERICA I
AYXUAE05532,"Little America, Antarctica",Little America,LITTLE AMERICA
BAM00040427,"Usaf-Ds3-247, Bahrain",Usaf-Ds3-247,USAF-DS3-247
BBM00078954,"Grantley Adams, Barbados",Grantley Adams,GRANTLEY ADAMS
BCM00068032,"Maun, Botswana",Maun,MAUN
BCM00068040,"Letlhakane, Botswana",Letlhakane,LETLHAKANE
BCM00068054,"Francistown, Botswana",Francistown,FRANCISTOWN
BCM00068240,"Seretse Khama International, Botswana",Seretse Khama International,SERETSE KHAMA INTERNATIONAL
BCM00068244,"Gaborone, Botswana",Gaborone,GABORONE
BCM00068328,"Tsabong, Botswana",Tsabong,TSABONG
BDM00078016,"L F Wade International Airp, Bermuda",L F Wade International Airp,L F WADE INTERNATIONAL AIRP
BEM00006400,"Koksijde, Belgium",Koksijde,KOKSIJDE
BEM00006447,"Uccle, Belgium",Uccle,UCCLE
BEM00006458,"Beauvechain, Belgium",Beauvechain,BEAUVECHAIN
BEM00006476,"St-Hubert, Belgium",St-Hubert,ST-HUBERT
BEM00006496,"Elsenborn, Belgium",Elsenborn,ELSENBORN
BFM00078063,"Gold Rock Creek, Bahamas The",Gold Rock Creek,GOLD ROCK CREEK
BFM00078073,"Nassau Airport New Providen, Bahamas The",Nassau Airport New Providen,NASSAU AIRPORT NEW PROVIDEN
BFM00078076,"Eleuthera Island, Bahamas The",Eleuthera Island,ELEUTHERA ISLAND
BFM00078107,"Mayaguan, Bahamas The",Mayaguan,MAYAGUAN
BGM00041859,"Rangpur, Bangladesh",Rangpur,RANGPUR
BGM00041883,"Bogra, Bangladesh",Bogra,BOGRA
BGM00041891,"Sylhet, Bangladesh",Sylhet,SYLHET
BGM00041907,"Ishwardi, Bangladesh",Ishwardi,ISHWARDI
BGM00041923,"Dhaka, Bangladesh",Dhaka,DHAKA
BGM00041932,"Usaf-Ds3-271, Bangladesh",Usaf-Ds3-271,USAF-DS3-271
BGM00041936,"Jessore, Bangladesh",Jessore,JESSORE
BGM00041943,"Feni (41943-0), Bangladesh",Feni (41943-0),FENI (41943-0)
BGM00041950,"Barisal, Bangladesh",Barisal,BARISAL
BGM00041977,"Chittagong (Ambagan), Bangladesh",Chittagong (Ambagan),CHITTAGONG (AMBAGAN)
BGM00041992,"Cox'S Bazar, Bangladesh",Cox'S Bazar,COX'S BAZAR
BGXUAC03368,"Lalmanir Hat, Bangladesh",Lalmanir Hat,LALMANIR HAT
BGXUAE05433,"Chattagram, Bangladesh",Chattagram,CHATTAGRAM
BGXUAE05797,"Dacca, Bangladesh",Dacca,DACCA
BHM00078583,"Belize/Phillip Goldston Int, Belize",Belize,BELIZE/PHILLIP GOLDSTON INT
BLM00085041,"Cobija, Bolivia",Cobija,COBIJA
BLM00085154,"Trinidad, Bolivia",Trinidad,TRINIDAD
BLM00085201,"La Paz/Alto, Bolivia",La Paz,LA PAZ/ALTO
BLM00085245,"Santa Cruz/El Trompillo, Bolivia",Santa Cruz,SANTA CRUZ/EL TROMPILLO
BLM00085268,"Robore, Bolivia",Robore,ROBORE
BLXUAE04835,"Cochabamba, Bolivia",Cochabamba,COCHABAMBA
BLXUAE04836,"Guayaramerin, Bolivia",Guayaramerin,GUAYARAMERIN
BLXUAE04838,"Rurrenabaque, Bolivia",Rurrenabaque,RURRENABAQUE
BLXUAE04841,"Yacuiba, Bolivia",Yacuiba,YACUIBA
BMM00048008,"Myitkyina, Myanmar",Myitkyina,MYITKYINA
BMM00048042,"Mandalay, Myanmar",Mandalay,MANDALAY
BMM00048053,"Meiktila, Myanmar",Meiktila,MEIKTILA
BMM00048060,"Kengtung, Myanmar",Kengtung,KENGTUNG
BMM00048062,"Sittwe, Myanmar",Sittwe,SITTWE
BMM00048080,"Sandoway, Myanmar",Sandoway,SANDOWAY
BMM00048094,"Pathein, Myanmar",Pathein,PATHEIN
BMM00048096,"Mingaladon, Myanmar",Mingaladon,MINGALADON
BMM00048097,"Yangon, Myanmar",Yangon,YANGON
BMM00048108,"Dawei, Myanmar",Dawei,DAWEI
BMM00048109,"Coco Island, Myanmar",Coco Island,COCO ISLAND
BMM00048110,"Mergui, Myanmar",Mergui,MERGUI
BMM00048112,"Victoria Point, Myanmar",Victoria Point,VICTORIA POINT
BNM00065306,"Kandi, Benin",Kandi,KANDI
BNM00065330,"Parakou, Benin",Parakou,PARAKOU
BNM00065344,"Cotonou, Benin",Cotonou,COTONOU
BNXUAAW5331,"Tchaourou, Benin",Tchaourou,TCHAOUROU
BOM00026850,"Minsk, Belarus",Minsk,MINSK
BOM00033008,"Brest (33008-0), Belarus",Brest (33008-0),BREST (33008-0)
BOM00033036,"Mozyr (Amos), Belarus",Mozyr (Amos),MOZYR (AMOS)
BOM00033041,"Gomel (33041-0), Belarus",Gomel (33041-0),GOMEL (33041-0)
BPM00091517,"Honiara, Solomon Islands",Honiara,HONIARA
BPM00091541,"Santa Cruz Island, Solomon Islands",Santa Cruz Island,SANTA CRUZ ISLAND
BRM00081729,"Manacapuru, Brazil",Manacapuru,MANACAPURU
BRM00082022,"Boa Vista (Aero), Brazil",Boa Vista (Aero),BOA VISTA (AERO)
BRM00082026,"Tirios (Aero), Brazil",Tirios (Aero),TIRIOS (AERO)
BRM00082099,"Macapa (Aero), Brazil",Macapa (Aero),MACAPA (AERO)
BRM00082107,"Sao Gabriel Da Cachoeira, Brazil",Sao Gabriel Da Cachoeira,SAO GABRIEL DA CACHOEIRA
BRM00082193,"Belem (Aero), Brazil",Belem (Aero),BELEM (AERO)
BRM00082244,"Santarem (Aero), Brazil",Santarem (Aero),SANTAREM (AERO)
BRM00082281,"Sao Luis (Aero), Brazil",Sao Luis (Aero),SAO LUIS (AERO)
BRM00082287,"Parnaiba, Brazil",Parnaiba,PARNAIBA
BRM00082332,"Manaus (Aero), Brazil",Manaus (Aero),MANAUS (AERO)
BRM00082397,"Fortaleza (82397-0), Brazil",Fortaleza (82397-0),FORTALEZA (82397-0)
BRM00082400,"Fernando De Noronha (Aero), Brazil",Fernando De Noronha (Aero),FERNANDO DE NORONHA (AERO)
BRM00082411,"Tabatinga (Aero), Brazil",Tabatinga (Aero),TABATINGA (AERO)
BRM00082532,"Manicore (Aero), Brazil",Manicore (Aero),MANICORE (AERO)
BRM00082571,"Barra Do Corda, Brazil",Barra Do Corda,BARRA DO CORDA
BRM00082579,"Teresina, Brazil",Teresina,TERESINA
BRM00082586,"Quixeramobim, Brazil",Quixeramobim,QUIXERAMOBIM
BRM00082599,"Natal (Aero), Brazil",Natal (Aero),NATAL (AERO)
BRM00082640,"Jacareacanga, Brazil",Jacareacanga,JACAREACANGA
BRM00082678,"Floriano (82678-0), Brazil",Floriano (82678-0),FLORIANO (82678-0)
BRM00082705,"Cruzeiro Do Sul (Aero), Brazil",Cruzeiro Do Sul (Aero),CRUZEIRO DO SUL (AERO)
BRM00082765,"Carolina (82765-0), Brazil",Carolina (82765-0),CAROLINA (82765-0)
BRM00082784,"Barbalha, Brazil",Barbalha,BARBALHA
BRM00082791,"Patos, Brazil",Patos,PATOS
BRM00082824,"Porto Velho (Aero), Brazil",Porto Velho (Aero),PORTO VELHO (AERO)
BRM00082900,"Recife (82900-0), Brazil",Recife (82900-0),RECIFE (82900-0)
BRM00082917,"Rio Branco (Aero), Brazil",Rio Branco (Aero),RIO BRANCO (AERO)
BRM00082930,"Cachimbo Aero, Brazil",Cachimbo Aero,CACHIMBO AERO
BRM00082965,"Alta Floresta (Aero), Brazil",Alta Floresta (Aero),ALTA FLORESTA (AERO)
BRM00082975,"Bom Jesus, Brazil",Bom Jesus,BOM JESUS
BRM00082983,"Petrolina (82983-0), Brazil",Petrolina (82983-0),PETROLINA (82983-0)
BRM00082993,"Maceio (Aeroporto), Brazil",Maceio (Aeroporto),MACEIO (AEROPORTO)
BRM00083063,"Porto Nacional, Brazil",Porto Nacional,PORTO NACIONAL
BRM00083096,"Aracaju, Brazil",Aracaju,ARACAJU
BRM00083182,"Irece, Brazil",Irece,IRECE
BRM00083208,"Vilhena (Aero), Brazil",Vilhena (Aero),VILHENA (AERO)
BRM00083229,"Salvador (83229-0), Brazil",Salvador (83229-0),SALVADOR (83229-0)
BRM00083236,"Barreiras, Brazil",Barreiras,BARREIRAS
BRM00083288,"Bom Jesus Da Lapa (83288-0), Brazil",Bom Jesus Da Lapa (83288-0),BOM JESUS DA LAPA (83288-0)
BRM00083344,"Vitoria Da Conquist, Brazil",Vitoria Da Conquist,VITORIA DA CONQUIST
BRM00083361,"Cuiaba, Brazil",Cuiaba,CUIABA
BRM00083362,"Cuiaba (Aero), Brazil",Cuiaba (Aero),CUIABA (AERO)
BRM00083378,"Brasilia (Aero), Brazil",Brasilia (Aero),BRASILIA (AERO)
BRM00083498,"Caravelas (83498-0), Brazil",Caravelas (83498-0),CARAVELAS (83498-0)
BRM00083525,"Uberlandia (Aero), Brazil",Uberlandia (Aero),UBERLANDIA (AERO)
BRM00083554,"Corumba, Brazil",Corumba,CORUMBA
BRM00083566,"Confins (Aero), Brazil",Confins (Aero),CONFINS (AERO)
BRM00083576,"Uberaba, Brazil",Uberaba,UBERABA
BRM00083612,"Campo Grande (Aero), Brazil",Campo Grande (Aero),CAMPO GRANDE (AERO)
BRM00083649,"Vitoria (Aero), Brazil",Vitoria (Aero),VITORIA (AERO)
BRM00083650,"Ilha De Trindade (Chm), Brazil",Ilha De Trindade (Chm),ILHA DE TRINDADE (CHM)
BRM00083746,"Galeao (Aero), Brazil",Galeao (Aero),GALEAO (AERO)
BRM00083768,"Londrina (Aero), Brazil",Londrina (Aero),LONDRINA (AERO)
BRM00083779,"Marte (Aero), Brazil",Marte (Aero),MARTE (AERO)
BRM00083780,"Sao Paulo, Brazil",Sao Paulo,SAO PAULO
BRM00083827,"Foz Do Iguacu (Aero), Brazil",Foz Do Iguacu (Aero),FOZ DO IGUACU (AERO)
BRM00083840,"Curitiba (Aero), Brazil",Curitiba (Aero),CURITIBA (AERO)
BRM00083899,"Florianopolis (Aero), Brazil",Florianopolis (Aero),FLORIANOPOLIS (AERO)
BRM00083928,"Uruguaiana (Aero), Brazil",Uruguaiana (Aero),URUGUAIANA (AERO)
BRM00083937,"Santa Maria (Aero), Brazil",Santa Maria (Aero),SANTA MARIA (AERO)
BRM00083971,"Porto Alegre/Salgad, Brazil",Porto Alegre,PORTO ALEGRE/SALGAD
BRM00083981,"Bage (Aeroporto), Brazil",Bage (Aeroporto),BAGE (AEROPORTO)
BUM00015614,"Sofia (Observ.), Bulgaria",Sofia (Observ.),SOFIA (OBSERV.)
BUM00015730,"Kurdjali, Bulgaria",Kurdjali,KURDJALI
BXM00096315,"Brunei Airport, Brunei",Brunei Airport,BRUNEI AIRPORT
BXM00096323,"Kuala Belait, Brunei",Kuala Belait,KUALA BELAIT
CAM00071043,"Norman Wells A; Nwt, Canada",Norman Wells A; Nwt,NORMAN WELLS A; NWT
CAM00071051,"Sachs Harbour, Canada",Sachs Harbour,SACHS HARBOUR
CAM00071069,"Slave Lake Airport, Canada",Slave Lake Airport,SLAVE LAKE AIRPORT
CAM00071072,"Mould Bay, Canada",Mould Bay,MOULD BAY
CAM00071074,"Isachsen, Canada",Isachsen,ISACHSEN
CAM00071081,"Hall Beach Ua; Nu, Canada",Hall Beach Ua; Nu,HALL BEACH UA; NU
CAM00071082,"Alert Ua; Nu, Canada",Alert Ua; Nu,ALERT UA; NU
CAM00071090,"Clyde River, Canada",Clyde River,CLYDE RIVER
CAM00071109,"Port Hardy A; Bc, Canada",Port Hardy A; Bc,PORT HARDY A; BC
CAM00071119,"Stony Plain Ua; Alta, Canada",Stony Plain Ua; Alta,STONY PLAIN UA; ALTA
CAM00071120,"Cold Lake, Canada",Cold Lake,COLD LAKE
CAM00071121,"Edmonton Namao Arpt, Canada",Edmonton Namao Arpt,EDMONTON NAMAO ARPT
CAM00071123,"Edmonton Intl Arpt, Canada",Edmonton Intl Arpt,EDMONTON INTL ARPT
CAM00071124,"Primrose Lake, Canada",Primrose Lake,PRIMROSE LAKE
CAM00071129,"Kindersley Arpt, Canada",Kindersley Arpt,KINDERSLEY ARPT
CAM00071145,"Island Lake Arpt, Canada",Island Lake Arpt,ISLAND LAKE ARPT
CAM00071197,"Port-Aux-Basques, Canada",Port-Aux-Basques,PORT-AUX-BASQUES
CAM00071203,"Kelowna Ua; Bc, Canada",Kelowna Ua; Bc,KELOWNA UA; BC
CAM00071450,"Elbow Cs, Canada",Elbow Cs,ELBOW CS
CAM00071524,"Lassomption Cda, Canada",Lassomption Cda,LASSOMPTION CDA
CAM00071569,"Bratt'S Lake Climate; Sask, Canada",Bratt'S Lake Climate; Sask,BRATT'S LAKE CLIMATE; SASK
CAM00071600,"Sable Island, Canada",Sable Island,SABLE ISLAND
CAM00071603,"Yarmouth A; Ns, Canada",Yarmouth A; Ns,YARMOUTH A; NS
CAM00071621,"Trenton Arpt, Canada",Trenton Arpt,TRENTON ARPT
CAM00071625,"Petawawa, Canada",Petawawa,PETAWAWA
CAM00071627,"Montreal/Trudeau Int, Canada",Montreal,MONTREAL/TRUDEAU INT
CAM00071701,"Gagetown A; Nb, Canada",Gagetown A; Nb,GAGETOWN A; NB
CAM00071716,"Valcartier Airport, Canada",Valcartier Airport,VALCARTIER AIRPORT
CAM00071722,"Maniwaki Ua; Que, Canada",Maniwaki Ua; Que,MANIWAKI UA; QUE
CAM00071801,"Saint John'S Arpt, Canada",Saint John'S Arpt,SAINT JOHN'S ARPT
CAM00071802,"St John'S West Ua; Nfld, Canada",St John'S West Ua; Nfld,ST JOHN'S WEST UA; NFLD
CAM00071811,"Sept-Iles Ua; Que, Canada",Sept-Iles Ua; Que,SEPT-ILES UA; QUE
CAM00071815,"Stephenville A; Nfld, Canada",Stephenville A; Nfld,STEPHENVILLE A; NFLD
CAM00071816,"Goose A; Nfld, Canada",Goose A; Nfld,GOOSE A; NFLD
CAM00071823,"La Grande Iv Ua; Que, Canada",La Grande Iv Ua; Que,LA GRANDE IV UA; QUE
CAM00071836,"Moosonee A; Ont, Canada",Moosonee A; Ont,MOOSONEE A; ONT
CAM00071843,"Winnipeg Ua; Man, Canada",Winnipeg Ua; Man,WINNIPEG UA; MAN
CAM00071845,"Pickle Lake A; Ont, Canada",Pickle Lake A; Ont,PICKLE LAKE A; ONT
CAM00071851,"Portage Southport; Man, Canada",Portage Southport; Man,PORTAGE SOUTHPORT; MAN
CAM00071852,"Winnipeg Int.Airpor, Canada",Winnipeg Int.Airpor,WINNIPEG INT.AIRPOR
CAM00071853,"Shilo, Canada",Shilo,SHILO
CAM00071855,"Dauphin Airport, Canada",Dauphin Airport,DAUPHIN AIRPORT
CAM00071861,"Broadview, Canada",Broadview,BROADVIEW
CAM00071863,"Regina Intl, Canada",Regina Intl,REGINA INTL
CAM00071866,"Saskatoon Diefenbake, Canada",Saskatoon Diefenbake,SASKATOON DIEFENBAKE
CAM00071867,"The Pas A; Man, Canada",The Pas A; Man,THE PAS A; MAN
CAM00071869,"Prince Albert Arpt, Canada",Prince Albert Arpt,PRINCE ALBERT ARPT
CAM00071874,"Lethbridge Awos, Canada",Lethbridge Awos,LETHBRIDGE AWOS
CAM00071876,"North Battleford, Canada",North Battleford,NORTH BATTLEFORD
CAM00071877,"Calgary Intl, Canada",Calgary Intl,CALGARY INTL
CAM00071892,"Vancouver Int. Airp, Canada",Vancouver Int. Airp,VANCOUVER INT. AIRP
CAM00071893,"Cfb - Comox; Bc, Canada",Cfb - Comox; Bc,CFB - COMOX; BC
CAM00071896,"Prince George, Canada",Prince George,PRINCE GEORGE
CAM00071906,"Kuujjuaq A; Que, Canada",Kuujjuaq A; Que,KUUJJUAQ A; QUE
CAM00071907,"Inukjuak A; Que, Canada",Inukjuak A; Que,INUKJUAK A; QUE
CAM00071908,"Prince George Ua; Bc, Canada",Prince George Ua; Bc,PRINCE GEORGE UA; BC
CAM00071909,"Iqaluit A; Nu, Canada",Iqaluit A; Nu,IQALUIT A; NU
CAM00071913,"Churchill A Ua; Man, Canada",Churchill A Ua; Man,CHURCHILL A UA; MAN
CAM00071915,"Coral Harbour A; Nu, Canada",Coral Harbour A; Nu,CORAL HARBOUR A; NU
CAM00071917,"Eureka A; Nu, Canada",Eureka A; Nu,EUREKA A; NU
CAM00071924,"Resolute Cars; Nu, Canada",Resolute Cars; Nu,RESOLUTE CARS; NU
CAM00071925,"Cambridge Bay A; Nu, Canada",Cambridge Bay A; Nu,CAMBRIDGE BAY A; NU
CAM00071926,"Baker Lake A; Nu, Canada",Baker Lake A; Nu,BAKER LAKE A; NU
CAM00071928,"Rocky Mtn House, Canada",Rocky Mtn House,ROCKY MTN HOUSE
CAM00071932,"Fort Mcmurray Arpt, Canada",Fort Mcmurray Arpt,FORT MCMURRAY ARPT
CAM00071934,"Fort Smith A; Nwt, Canada",Fort Smith A; Nwt,FORT SMITH A; NWT
CAM00071938,"Coppermine, Canada",Coppermine,COPPERMINE
CAM00071945,"Fort Nelson A; Bc, Canada",Fort Nelson A; Bc,FORT NELSON A; BC
CAM00071957,"Inuvik Awos A; Nwt, Canada",Inuvik Awos A; Nwt,INUVIK AWOS A; NWT
CAM00071964,"Whitehorse A; Yt, Canada",Whitehorse A; Yt,WHITEHORSE A; YT
CAM00071968,"Aklavik, Canada",Aklavik,AKLAVIK
CAM00072803,"Usaf-Ds3-543, Canada",Usaf-Ds3-543,USAF-DS3-543
CAM00072807,"Argentia, Canada",Argentia,ARGENTIA
CAM00072826,"Usaf-Ds3-548, Canada",Usaf-Ds3-548,USAF-DS3-548
CAM00072848,"Usaf-Ds3-550, Canada",Usaf-Ds3-550,USAF-DS3-550
CAM00072918,"Arctic Bay (Nwt), Canada",Arctic Bay (Nwt),ARCTIC BAY (NWT)
CAM00072953,"Usaf-Ds3-576, Canada",Usaf-Ds3-576,USAF-DS3-576
CAM00073033,"Vernon Ua; Bc, Canada",Vernon Ua; Bc,VERNON UA; BC
CAM00073111,"Kapuskasing Ua; On, Canada",Kapuskasing Ua; On,KAPUSKASING UA; ON
CAM00074127,"Usaf-Ds3-592, Canada",Usaf-Ds3-592,USAF-DS3-592
CAM00074399,"Usaf-Ds3-594, Canada",Usaf-Ds3-594,USAF-DS3-594
CAXUAC03491,"Mingan, Canada",Mingan,MINGAN
CAXUAE04875,"Cape Hopes Advance Station, Canada",Cape Hopes Advance Station,CAPE HOPES ADVANCE STATION
CAXUAE04876,"Chesterfield Inlet, Canada",Chesterfield Inlet,CHESTERFIELD INLET
CAXUAE04878,"Meanook, Canada",Meanook,MEANOOK
CBM00048992,"Usaf-Ds3-300, Cambodia",Usaf-Ds3-300,USAF-DS3-300
CDM00064700,"Ndjamena, Chad",Ndjamena,NDJAMENA
CDM00064750,"Sarh, Chad",Sarh,SARH
CDM00064753,"Faya, Chad",Faya,FAYA
CDM00064756,"Abeche, Chad",Abeche,ABECHE
CEM00043413,"Mannar, Sri Lanka",Mannar,MANNAR
CEM00043418,"Trincomalee, Sri Lanka",Trincomalee,TRINCOMALEE
CEM00043421,"Anuradhapura, Sri Lanka",Anuradhapura,ANURADHAPURA
CEM00043424,"Puttalam, Sri Lanka",Puttalam,PUTTALAM
CEM00043466,"Colombo, Sri Lanka",Colombo,COLOMBO
CEM00043475,"Pottuvil, Sri Lanka",Pottuvil,POTTUVIL
CEM00043497,"Hambantota, Sri Lanka",Hambantota,HAMBANTOTA
CFM00064400,"Pointe-Noire, Congo Republic of the",Pointe-Noire,POINTE-NOIRE
CFM00064401,"Dolisie, Congo Republic of the",Dolisie,DOLISIE
CFM00064450,"Brazzaville /Maya-Maya, Congo Republic of the",Brazzaville ,BRAZZAVILLE /MAYA-MAYA
CFM00064453,"Djambala, Congo Republic of the",Djambala,DJAMBALA
CFM00064458,"Ouesso, Congo Republic of the",Ouesso,OUESSO
CFM00064459,"Impfondo, Congo Republic of the",Impfondo,IMPFONDO
CGM00064210,"Kinshasa/Ndjili, Congo Democratic Republic of the",Kinshasa,KINSHASA/NDJILI
CGM00064220,"Kinshasa/Binza, Congo Democratic Republic of the",Kinshasa,KINSHASA/BINZA
CHM00050353,"Huma, China",Huma,HUMA
CHM00050527,"Hailar (50527-0), China",Hailar (50527-0),HAILAR (50527-0)
CHM00050557,"Nenjiang, China",Nenjiang,NENJIANG
CHM00050603,"Xin Barag Youqi, China",Xin Barag Youqi,XIN BARAG YOUQI
CHM00050745,"Qiqihar, China",Qiqihar,QIQIHAR
CHM00050774,"Yichun (50774-0), China",Yichun (50774-0),YICHUN (50774-0)
CHM00050834,"Usaf-Ds3-303, China",Usaf-Ds3-303,USAF-DS3-303
CHM00050873,"Chiamussu, China",Chiamussu,CHIAMUSSU
CHM00050953,"Harbin (50953-0), China",Harbin (50953-0),HARBIN (50953-0)
CHM00051076,"Altay, China",Altay,ALTAY
CHM00051133,"Tacheng, China",Tacheng,TACHENG
CHM00051156,"Hoboksar, China",Hoboksar,HOBOKSAR
CHM00051232,"Usaf-Ds3-306, China",Usaf-Ds3-306,USAF-DS3-306
CHM00051243,"Karamay, China",Karamay,KARAMAY
CHM00051288,"Baytik Shan, China",Baytik Shan,BAYTIK SHAN
CHM00051334,"Jinghe, China",Jinghe,JINGHE
CHM00051379,"Qitai, China",Qitai,QITAI
CHM00051431,"Yining, China",Yining,YINING
CHM00051463,"Wu Lu Mu Qi (51463-0), China",Wu Lu Mu Qi (51463-0),WU LU MU QI (51463-0)
CHM00051495,"Shisanjianfang, China",Shisanjianfang,SHISANJIANFANG
CHM00051573,"Turpan, China",Turpan,TURPAN
CHM00051628,"Usaf-Ds3-314, China",Usaf-Ds3-314,USAF-DS3-314
CHM00051644,"Kuqa, China",Kuqa,KUQA
CHM00051656,"Korla, China",Korla,KORLA
CHM00051701,"Usaf-Ds3-317, China",Usaf-Ds3-317,USAF-DS3-317
CHM00051709,"Kashi, China",Kashi,KASHI
CHM00051711,"Akqi, China",Akqi,AKQI
CHM00051716,"Bachu, China",Bachu,BACHU
CHM00051765,"Tikanlik, China",Tikanlik,TIKANLIK
CHM00051777,"Ruoqiang, China",Ruoqiang,RUOQIANG
CHM00051811,"Shache, China",Shache,SHACHE
CHM00051828,"Hotan, China",Hotan,HOTAN
CHM00051839,"Minfeng, China",Minfeng,MINFENG
CHM00051848,"Usaf-Ds3-321, China",Usaf-Ds3-321,USAF-DS3-321
CHM00051855,"Usaf-Ds3-322, China",Usaf-Ds3-322,USAF-DS3-322
CHM00051886,"Mangnai, China",Mangnai,MANGNAI
CHM00051895,"Mangya, China",Mangya,MANGYA
CHM00052203,"Hami, China",Hami,HAMI
CHM00052267,"Ejin Qi, China",Ejin Qi,EJIN QI
CHM00052313,"Xing-Xing-Xia, China",Xing-Xing-Xia,XING-XING-XIA
CHM00052323,"Mazong Shan, China",Mazong Shan,MAZONG SHAN
CHM00052391,"Pang-Ting-To-To-Kai, China",Pang-Ting-To-To-Kai,PANG-TING-TO-TO-KAI
CHM00052418,"Dunhuang, China",Dunhuang,DUNHUANG
CHM00052436,"Yumenzhen, China",Yumenzhen,YUMENZHEN
CHM00052495,"Bayan Mod, China",Bayan Mod,BAYAN MOD
CHM00052533,"Jiuquan, China",Jiuquan,JIUQUAN
CHM00052602,"Lenghu, China",Lenghu,LENGHU
CHM00052657,"Usaf-Ds3-331, China",Usaf-Ds3-331,USAF-DS3-331
CHM00052681,"Minqin, China",Minqin,MINQIN
CHM00052713,"Da-Qaidam, China",Da-Qaidam,DA-QAIDAM
CHM00052737,"Delingha, China",Delingha,DELINGHA
CHM00052818,"Golmud, China",Golmud,GOLMUD
CHM00052836,"Doulan, China",Doulan,DOULAN
CHM00052856,"Usaf-Ds3-336, China",Usaf-Ds3-336,USAF-DS3-336
CHM00052866,"Xining (52866-0), China",Xining (52866-0),XINING (52866-0)
CHM00052889,"Lanzhou, China",Lanzhou,LANZHOU
CHM00052908,"Wudaoliang, China",Wudaoliang,WUDAOLIANG
CHM00052983,"Yu Zhong, China",Yu Zhong,YU ZHONG
CHM00053068,"Erenhot, China",Erenhot,ERENHOT
CHM00053083,"Naran Bulag, China",Naran Bulag,NARAN BULAG
CHM00053231,"Hails, China",Hails,HAILS
CHM00053276,"Jurh, China",Jurh,JURH
CHM00053336,"Haliut, China",Haliut,HALIUT
CHM00053420,"Xamba, China",Xamba,XAMBA
CHM00053463,"Hohhot, China",Hohhot,HOHHOT
CHM00053487,"Datong, China",Datong,DATONG
CHM00053502,"Jartai, China",Jartai,JARTAI
CHM00053513,"Linhe, China",Linhe,LINHE
CHM00053529,"Otog Qi, China",Otog Qi,OTOG QI
CHM00053543,"Dongsheng, China",Dongsheng,DONGSHENG
CHM00053546,"Chasakochi, China",Chasakochi,CHASAKOCHI
CHM00053564,"Hequ, China",Hequ,HEQU
CHM00053614,"Yinchuan, China",Yinchuan,YINCHUAN
CHM00053772,"Taiyuan (53772-0), China",Taiyuan (53772-0),TAIYUAN (53772-0)
CHM00053798,"Xingtai, China",Xingtai,XINGTAI
CHM00053821,"Usaf-Ds3-344, China",Usaf-Ds3-344,USAF-DS3-344
CHM00053845,"Yan An, China",Yan An,YAN AN
CHM00053853,"Usaf-Ds3-345, China",Usaf-Ds3-345,USAF-DS3-345
CHM00053898,"Anyang, China",Anyang,ANYANG
CHM00053915,"Pingliang, China",Pingliang,PINGLIANG
CHM00053942,"Usaf-Ds3-346, China",Usaf-Ds3-346,USAF-DS3-346
CHM00054012,"Xi Ujimqin Qi, China",Xi Ujimqin Qi,XI UJIMQIN QI
CHM00054027,"Lindong, China",Lindong,LINDONG
CHM00054094,"Mudanjiang, China",Mudanjiang,MUDANJIANG
CHM00054102,"Xilin Hot, China",Xilin Hot,XILIN HOT
CHM00054115,"Linxi, China",Linxi,LINXI
CHM00054135,"Tongliao, China",Tongliao,TONGLIAO
CHM00054161,"Changchun, China",Changchun,CHANGCHUN
CHM00054218,"Chifeng (54218-0), China",Chifeng (54218-0),CHIFENG (54218-0)
CHM00054237,"Usaf-Ds3-352, China",Usaf-Ds3-352,USAF-DS3-352
CHM00054292,"Yanji, China",Yanji,YANJI
CHM00054337,"Jinzhou, China",Jinzhou,JINZHOU
CHM00054339,"An Shan, China",An Shan,AN SHAN
CHM00054340,"Shenyang, China",Shenyang,SHENYANG
CHM00054374,"Linjiang, China",Linjiang,LINJIANG
CHM00054401,"Zhangjiakou, China",Zhangjiakou,ZHANGJIAKOU
CHM00054423,"Chengde, China",Chengde,CHENGDE
CHM00054497,"Dandong, China",Dandong,DANDONG
CHM00054511,"Beijing, China",Beijing,BEIJING
CHM00054534,"Tang Shan, China",Tang Shan,TANG SHAN
CHM00054539,"Leting, China",Leting,LETING
CHM00054602,"Baoding, China",Baoding,BAODING
CHM00054662,"Dalian, China",Dalian,DALIAN
CHM00054714,"Te Hsien/Techow, China",Te Hsien,TE HSIEN/TECHOW
CHM00054727,"Zhangqiu, China",Zhangqiu,ZHANGQIU
CHM00054753,"Longkou, China",Longkou,LONGKOU
CHM00054776,"Chengshantou, China",Chengshantou,CHENGSHANTOU
CHM00054823,"Jinan, China",Jinan,JINAN
CHM00054836,"Yiyuan, China",Yiyuan,YIYUAN
CHM00054843,"Wei Hsien, China",Wei Hsien,WEI HSIEN
CHM00054857,"Qingdao, China",Qingdao,QINGDAO
CHM00054906,"Usaf-Ds3-367, China",Usaf-Ds3-367,USAF-DS3-367
CHM00055228,"Shiquanhe, China",Shiquanhe,SHIQUANHE
CHM00055248,"Usaf-Ds3-368, China",Usaf-Ds3-368,USAF-DS3-368
CHM00055279,"Baingoin, China",Baingoin,BAINGOIN
CHM00055299,"Nagqu, China",Nagqu,NAGQU
CHM00055472,"Xainza, China",Xainza,XAINZA
CHM00055578,"Xigaze, China",Xigaze,XIGAZE
CHM00055591,"Lhasa, China",Lhasa,LHASA
CHM00055664,"Tingri, China",Tingri,TINGRI
CHM00055690,"Usaf-Ds3-372, China",Usaf-Ds3-372,USAF-DS3-372
CHM00055696,"Lhunze, China",Lhunze,LHUNZE
CHM00055773,"Pagri, China",Pagri,PAGRI
CHM00056004,"Tuotuohe, China",Tuotuohe,TUOTUOHE
CHM00056029,"Yushu (56029-0), China",Yushu (56029-0),YUSHU (56029-0)
CHM00056033,"Madoi, China",Madoi,MADOI
CHM00056046,"Darlag, China",Darlag,DARLAG
CHM00056079,"Ruoergai, China",Ruoergai,RUOERGAI
CHM00056080,"Hezuo, China",Hezuo,HEZUO
CHM00056096,"Wudu, China",Wudu,WUDU
CHM00056106,"Sog Xian, China",Sog Xian,SOG XIAN
CHM00056116,"Dengqen, China",Dengqen,DENGQEN
CHM00056137,"Qamdo (56137-0), China",Qamdo (56137-0),QAMDO (56137-0)
CHM00056146,"Garze, China",Garze,GARZE
CHM00056172,"Barkam, China",Barkam,BARKAM
CHM00056173,"Usaf-Ds3-379, China",Usaf-Ds3-379,USAF-DS3-379
CHM00056187,"Wenjiang (56187-0), China",Wenjiang (56187-0),WENJIANG (56187-0)
CHM00056247,"Batang, China",Batang,BATANG
CHM00056294,"Chengdu, China",Chengdu,CHENGDU
CHM00056312,"Nyingchi, China",Nyingchi,NYINGCHI
CHM00056374,"Kangding, China",Kangding,KANGDING
CHM00056444,"Deqen, China",Deqen,DEQEN
CHM00056462,"Jiulong, China",Jiulong,JIULONG
CHM00056492,"Yibin, China",Yibin,YIBIN
CHM00056533,"La Wang/Tzukei, China",La Wang,LA WANG/TZUKEI
CHM00056571,"Xichang, China",Xichang,XICHANG
CHM00056651,"Lijing, China",Lijing,LIJING
CHM00056691,"Weining, China",Weining,WEINING
CHM00056739,"Tengchong, China",Tengchong,TENGCHONG
CHM00056778,"Kunming, China",Kunming,KUNMING
CHM00056779,"Kan-Hai-Tzu, China",Kan-Hai-Tzu,KAN-HAI-TZU
CHM00056951,"Lincang, China",Lincang,LINCANG
CHM00056964,"Simao, China",Simao,SIMAO
CHM00056985,"Mengzi, China",Mengzi,MENGZI
CHM00056989,"Usaf-Ds3-386, China",Usaf-Ds3-386,USAF-DS3-386
CHM00057006,"Tianshui, China",Tianshui,TIANSHUI
CHM00057036,"Xian, China",Xian,XIAN
CHM00057067,"Lushi, China",Lushi,LUSHI
CHM00057083,"Zhengzhou, China",Zhengzhou,ZHENGZHOU
CHM00057127,"Hanzhong, China",Hanzhong,HANZHONG
CHM00057131,"Jinghe (57131-0), China",Jinghe (57131-0),JINGHE (57131-0)
CHM00057178,"Nanyang, China",Nanyang,NANYANG
CHM00057193,"Xihua, China",Xihua,XIHUA
CHM00057208,"Usaf-Ds3-398, China",Usaf-Ds3-398,USAF-DS3-398
CHM00057237,"Wanyuan, China",Wanyuan,WANYUAN
CHM00057245,"Ankang, China",Ankang,ANKANG
CHM00057265,"Guanghua, China",Guanghua,GUANGHUA
CHM00057290,"Zhumadian, China",Zhumadian,ZHUMADIAN
CHM00057297,"Xinyang, China",Xinyang,XINYANG
CHM00057328,"Da Xian, China",Da Xian,DA XIAN
CHM00057411,"Nanchong, China",Nanchong,NANCHONG
CHM00057447,"Enshi, China",Enshi,ENSHI
CHM00057461,"Yichang, China",Yichang,YICHANG
CHM00057494,"Wuhan, China",Wuhan,WUHAN
CHM00057516,"Chongqing (57516-0), China",Chongqing (57516-0),CHONGQING (57516-0)
CHM00057541,"Xuan' En, China",Xuan' En,XUAN' EN
CHM00057584,"Yueyang, China",Yueyang,YUEYANG
CHM00057606,"Usaf-Ds3-410, China",Usaf-Ds3-410,USAF-DS3-410
CHM00057633,"Youyang, China",Youyang,YOUYANG
CHM00057662,"Changde, China",Changde,CHANGDE
CHM00057679,"Changsha (57679-0), China",Changsha (57679-0),CHANGSHA (57679-0)
CHM00057687,"Changsha (57687-0), China",Changsha (57687-0),CHANGSHA (57687-0)
CHM00057707,"Bijie, China",Bijie,BIJIE
CHM00057731,"Sinan, China",Sinan,SINAN
CHM00057749,"Huaihua, China",Huaihua,HUAIHUA
CHM00057799,"Jian, China",Jian,JIAN
CHM00057816,"Guiyang (57816-0), China",Guiyang (57816-0),GUIYANG (57816-0)
CHM00057902,"Xingren, China",Xingren,XINGREN
CHM00057916,"Luodian, China",Luodian,LUODIAN
CHM00057932,"Rongjiang, China",Rongjiang,RONGJIANG
CHM00057957,"Guilin, China",Guilin,GUILIN
CHM00057972,"Chenzhou, China",Chenzhou,CHENZHOU
CHM00057993,"Ganzhou, China",Ganzhou,GANZHOU
CHM00058027,"Xuzhou, China",Xuzhou,XUZHOU
CHM00058040,"Ganyu, China",Ganyu,GANYU
CHM00058144,"Usaf-Ds3-420, China",Usaf-Ds3-420,USAF-DS3-420
CHM00058150,"Sheyang, China",Sheyang,SHEYANG
CHM00058203,"Fuyang, China",Fuyang,FUYANG
CHM00058238,"Nanjing, China",Nanjing,NANJING
CHM00058321,"Hefei, China",Hefei,HEFEI
CHM00058362,"Shanghai (Baoshan), China",Shanghai (Baoshan),SHANGHAI (BAOSHAN)
CHM00058424,"Anqing, China",Anqing,ANQING
CHM00058457,"Hangzhou, China",Hangzhou,HANGZHOU
CHM00058477,"Dinghai, China",Dinghai,DINGHAI
CHM00058527,"Jingdezhen, China",Jingdezhen,JINGDEZHEN
CHM00058606,"Nanchang, China",Nanchang,NANCHANG
CHM00058633,"Qu Xian, China",Qu Xian,QU XIAN
CHM00058665,"Hongjia, China",Hongjia,HONGJIA
CHM00058666,"Dachen Dao, China",Dachen Dao,DACHEN DAO
CHM00058725,"Shaowu, China",Shaowu,SHAOWU
CHM00058754,"Fuding, China",Fuding,FUDING
CHM00058847,"Fuzhou, China",Fuzhou,FUZHOU
CHM00058911,"Changting, China",Changting,CHANGTING
CHM00058944,"Pingtan, China",Pingtan,PINGTAN
CHM00059007,"Guangnan, China",Guangnan,GUANGNAN
CHM00059023,"Hechi, China",Hechi,HECHI
CHM00059046,"Liuzhou, China",Liuzhou,LIUZHOU
CHM00059082,"Chu Chiang, China",Chu Chiang,CHU CHIANG
CHM00059096,"Lianping, China",Lianping,LIANPING
CHM00059134,"Xiamen, China",Xiamen,XIAMEN
CHM00059137,"Chiangyang, China",Chiangyang,CHIANGYANG
CHM00059211,"Baise, China",Baise,BAISE
CHM00059265,"Wuzhou, China",Wuzhou,WUZHOU
CHM00059280,"Qingyuan (59280-0), China",Qingyuan (59280-0),QINGYUAN (59280-0)
CHM00059287,"Guangzhou, China",Guangzhou,GUANGZHOU
CHM00059293,"Heyuan, China",Heyuan,HEYUAN
CHM00059316,"Shantou (59316-0), China",Shantou (59316-0),SHANTOU (59316-0)
CHM00059417,"Longzhou, China",Longzhou,LONGZHOU
CHM00059431,"Nanning/Wuxu, China",Nanning,NANNING/WUXU
CHM00059501,"Shanwei, China",Shanwei,SHANWEI
CHM00059644,"Beihai, China",Beihai,BEIHAI
CHM00059647,"Usaf-Ds3-444, China",Usaf-Ds3-444,USAF-DS3-444
CHM00059658,"Zhanjiang, China",Zhanjiang,ZHANJIANG
CHM00059663,"Yangjiang, China",Yangjiang,YANGJIANG
CHM00059758,"Haikou, China",Haikou,HAIKOU
CHM00059838,"Dongfang, China",Dongfang,DONGFANG
CHM00059948,"Sanya, China",Sanya,SANYA
CHXUAC03995,"Ulanhot, China",Ulanhot,ULANHOT
CHXUAE04856,"Peiping, China",Peiping,PEIPING
CHXUAE04858,"Sian, China",Sian,SIAN
CIM00085442,"Antofagasta, Chile",Antofagasta,ANTOFAGASTA
CIM00085469,"Isla De Pascua, Chile",Isla De Pascua,ISLA DE PASCUA
CIM00085543,"Usaf-Ds3-610, Chile",Usaf-Ds3-610,USAF-DS3-610
CIM00085586,"Santo Domingo Ad., Chile",Santo Domingo Ad.,SANTO DOMINGO AD.
CIM00085799,"Puerto Montt, Chile",Puerto Montt,PUERTO MONTT
CIM00085934,"Punta Arenas, Chile",Punta Arenas,PUNTA ARENAS
CJM00078384,"Owen Roberts Airport Grand, Cayman Islands",Owen Roberts Airport Grand,OWEN ROBERTS AIRPORT GRAND
CKM00096996,"Cocos Island Aero, Cocos (Keeling) Islands",Cocos Island Aero,COCOS ISLAND AERO
CMM00064860,"Garoua, Cameroon",Garoua,GAROUA
CMM00064870,"Ngaoundere, Cameroon",Ngaoundere,NGAOUNDERE
CMM00064893,"Koundja, Cameroon",Koundja,KOUNDJA
CMM00064900,"Yoko, Cameroon",Yoko,YOKO
CMM00064910,"Douala (Civ/Mil), Cameroon",Douala (Civ,DOUALA (CIV/MIL)
CMM00064931,"Batouri, Cameroon",Batouri,BATOURI
CMM00064950,"Yaounde, Cameroon",Yaounde,YAOUNDE
CNM00067001,"Moroni Airport, Comoros",Moroni Airport,MORONI AIRPORT
CNM00067002,"Hahaya Int. Airport, Comoros",Hahaya Int. Airport,HAHAYA INT. AIRPORT
CNM00067004,"Ouani (Anjouan), Comoros",Ouani (Anjouan),OUANI (ANJOUAN)
COM00071764,"Usaf-Ds3-525, Colombia",Usaf-Ds3-525,USAF-DS3-525
COM00080001,"San Andres (Isla)/Sesquicen, Colombia",San Andres (Isla),SAN ANDRES (ISLA)/SESQUICEN
COM00080028,"Barranquilla/Ernesto Cortis, Colombia",Barranquilla,BARRANQUILLA/ERNESTO CORTIS
COM00080035,"Riohacha/Almirante Padilla, Colombia",Riohacha,RIOHACHA/ALMIRANTE PADILLA
COM00080094,"Bucaramanga/Palonegro, Colombia",Bucaramanga,BUCARAMANGA/PALONEGRO
COM00080210,"Pereira/Matecana, Colombia",Pereira,PEREIRA/MATECANA
COM00080222,"Bogota/Eldorado, Colombia",Bogota,BOGOTA/ELDORADO
COM00080241,"Las Gaviotas, Colombia",Las Gaviotas,LAS GAVIOTAS
COM00080259,"Cali/Alfonso Bonilla Aragon, Colombia",Cali,CALI/ALFONSO BONILLA ARAGON
COM00080337,"Tumaco, Colombia",Tumaco,TUMACO
COM00080398,"Leticia/Vasquez Cobo, Colombia",Leticia,LETICIA/VASQUEZ COBO
CQM00091232,"Saipan/Isley (Cgs), Northern Mariana Islands",Saipan,SAIPAN/ISLEY (CGS)
CSM00078762,"Aeropuerto Internacional Ju, Costa Rica",Aeropuerto Internacional Ju,AEROPUERTO INTERNACIONAL JU
CTM00064600,"Berberati, Central African Republic",Berberati,BERBERATI
CTM00064601,"Bouar, Central African Republic",Bouar,BOUAR
CTM00064610,"Bossangoa, Central African Republic",Bossangoa,BOSSANGOA
CTM00064650,"Bangui, Central African Republic",Bangui,BANGUI
CTM00064654,"Ndele, Central African Republic",Ndele,NDELE
CTM00064656,"Bangassou, Central African Republic",Bangassou,BANGASSOU
CTM00064665,"Mobaye, Central African Republic",Mobaye,MOBAYE
CUM00078325,"Casa Blanca, Cuba",Casa Blanca,CASA BLANCA
CUM00078355,"Camaguey, Cuba",Camaguey,CAMAGUEY
CUM00078367,"Guantanamo Bay Nas, Cuba",Guantanamo Bay Nas,GUANTANAMO BAY NAS
CUXUAE04834,"Villa San Cristobal De La H, Cuba",Villa San Cristobal De La H,VILLA SAN CRISTOBAL DE LA H
CVM00008589,"Praia, Cape Verde",Praia,PRAIA
CVM00008594,"Sal, Cape Verde",Sal,SAL
CWM00091800,"Usaf-Ds3-632, Cook Islands",Usaf-Ds3-632,USAF-DS3-632
CWM00091801,"Penrhyn, Cook Islands",Penrhyn,PENRHYN
CWM00091830,"Usaf-Ds3-633, Cook Islands",Usaf-Ds3-633,USAF-DS3-633
CWM00091843,"Rarotonga (91843-0), Cook Islands",Rarotonga (91843-0),RAROTONGA (91843-0)
CYM00017600,"Paphos Ap, Cyprus",Paphos Ap,PAPHOS AP
CYM00017601,"Akrotiri, Cyprus",Akrotiri,AKROTIRI
CYM00017603,"Usaf-Ds3-161, Cyprus",Usaf-Ds3-161,USAF-DS3-161
CYM00017607,"Athalassa, Cyprus",Athalassa,ATHALASSA
CYM00017609,"Larnaca Airport, Cyprus",Larnaca Airport,LARNACA AIRPORT
CYM00017611,"Usaf-Ds3-163, Cyprus",Usaf-Ds3-163,USAF-DS3-163
DAM00006030,"Flyvestation Aalbor, Denmark",Flyvestation Aalbor,FLYVESTATION AALBOR
DAM00006060,"Flyvestation Karup, Denmark",Flyvestation Karup,FLYVESTATION KARUP
DAM00006180,"Kobenhavn/Kastrup, Denmark",Kobenhavn,KOBENHAVN/KASTRUP
DAM00006181,"Jaegersborg, Denmark",Jaegersborg,JAEGERSBORG
DJM00063125,"Djibouti, Djibouti",Djibouti,DJIBOUTI
DRM00078467,"Sabana De La Mar, Dominican Republic",Sabana De La Mar,SABANA DE LA MAR
DRM00078486,"Santo Domingo (78486-0), Dominican Republic",Santo Domingo (78486-0),SANTO DOMINGO (78486-0)
ECM00084008,"San Cristobal (Galapagos), Ecuador",San Cristobal (Galapagos),SAN CRISTOBAL (GALAPAGOS)
ECM00084111,"Chinchipe, Ecuador",Chinchipe,CHINCHIPE
ECM00084132,"Nuevo Rocafuerte (84132-0), Ecuador",Nuevo Rocafuerte (84132-0),NUEVO ROCAFUERTE (84132-0)
ECM00084203,"Guayaquil Aeropuerto, Ecuador",Guayaquil Aeropuerto,GUAYAQUIL AEROPUERTO
EGM00062305,"Sallum Plateau, Egypt",Sallum Plateau,SALLUM PLATEAU
EGM00062306,"Mersa Matruh, Egypt",Mersa Matruh,MERSA MATRUH
EGM00062318,"Alexandria/Nouzha, Egypt",Alexandria,ALEXANDRIA/NOUZHA
EGM00062332,"Port Said/El Gamil, Egypt",Port Said,PORT SAID/EL GAMIL
EGM00062337,"El Arish, Egypt",El Arish,EL ARISH
EGM00062366,"Cairo, Egypt",Cairo,CAIRO
EGM00062378,"Helwan, Egypt",Helwan,HELWAN
EGM00062387,"Minya, Egypt",Minya,MINYA
EGM00062403,"South Of Valley University, Egypt",South Of Valley University,SOUTH OF VALLEY UNIVERSITY
EGM00062405,"Luxor, Egypt",Luxor,LUXOR
EGM00062414,"Asswan, Egypt",Asswan,ASSWAN
EGM00062417,"Siwa, Egypt",Siwa,SIWA
EGM00062420,"Baharia, Egypt",Baharia,BAHARIA
EGM00062423,"Farafra, Egypt",Farafra,FARAFRA
EGM00062432,"Dakhla, Egypt",Dakhla,DAKHLA
EGM00062435,"Kharga, Egypt",Kharga,KHARGA
EGM00062463,"Hurguada, Egypt",Hurguada,HURGUADA
EGXUAE04942,"Dekheila/Al Dakhela, Egypt",Dekheila,DEKHEILA/AL DAKHELA
EGXUAE04946,"Al-Dakhla, Egypt",Al-Dakhla,AL-DAKHLA
EGXUAE04950,"Almaza, Egypt",Almaza,ALMAZA
EGXUAE04951,"Al-Minya, Egypt",Al-Minya,AL-MINYA
EGXUAE04953,"Al-Wahat Al-Bahriya, Egypt",Al-Wahat Al-Bahriya,AL-WAHAT AL-BAHRIYA
EGXUAE04956,"Asyut, Egypt",Asyut,ASYUT
EGXUAE04958,"Bur Said, Egypt",Bur Said,BUR SAID
EGXUAE04974,"Sidi Barrani, Egypt",Sidi Barrani,SIDI BARRANI
EIM00003953,"Valentia Observatory (3953-, Ireland",Valentia Observatory (3953-,VALENTIA OBSERVATORY (3953-
ENM00026038,"Radar Wrm 200, Estonia",Radar Wrm 200,RADAR WRM 200
ERM00063021,"Asmara, Eritrea",Asmara,ASMARA
ESM00078650,"Acajutla, El Salvador",Acajutla,ACAJUTLA
ESM00078663,"San Salvador/Ilopan, El Salvador",San Salvador,SAN SALVADOR/ILOPAN
ETM00063450,"Addis Ababa-Bole, Ethiopia",Addis Ababa-Bole,ADDIS ABABA-BOLE
ETM00063478,"Gode, Ethiopia",Gode,GODE
EUM00061972,"Ile Europa, Europa Island",Ile Europa,ILE EUROPA
EZM00011518,"Praha/Ruzyne, Czech Republic",Praha,PRAHA/RUZYNE
EZM00011520,"Praha-Libus, Czech Republic",Praha-Libus,PRAHA-LIBUS
EZM00011722,"Usaf-Ds3-134, Czech Republic",Usaf-Ds3-134,USAF-DS3-134
EZM00011747,"Prostejov, Czech Republic",Prostejov,PROSTEJOV
FGM00081401,"Saint-Laurent, French Guiana",Saint-Laurent,SAINT-LAURENT
FGM00081405,"Cayenne Matoury, French Guiana",Cayenne Matoury,CAYENNE MATOURY
FGM00081408,"Saint Georges, French Guiana",Saint Georges,SAINT GEORGES
FGM00081415,"Maripasoula, French Guiana",Maripasoula,MARIPASOULA
FIM00002836,"Sodankyla Arctic Research C, Finland",Sodankyla Arctic Research C,SODANKYLA ARCTIC RESEARCH C
FIM00002935,"Jyvaskyla Airport, Finland",Jyvaskyla Airport,JYVASKYLA AIRPORT
FIM00002963,"Jokioinen Observatory, Finland",Jokioinen Observatory,JOKIOINEN OBSERVATORY
FIM00002974,"Helsinki/Seutala, Finland",Helsinki,HELSINKI/SEUTALA
FIXUAC00035,"Helsinki, Finland",Helsinki,HELSINKI
FIXUAE05506,"Kajaani, Finland",Kajaani,KAJAANI
FIXUAE05507,"Kauhava, Finland",Kauhava,KAUHAVA
FIXUAE05513,"Lieksa, Finland",Lieksa,LIEKSA
FIXUAE05520,"Suur-Merijoki, Finland",Suur-Merijoki,SUUR-MERIJOKI
FIXUAE05525,"Uto, Finland",Uto,UTO
FIXUAE05526,"Utti, Finland",Utti,UTTI
FJM00091650,"Rotuma, Fiji",Rotuma,ROTUMA
FJM00091680,"Nadi Airport, Fiji",Nadi Airport,NADI AIRPORT
FKM00088889,"Mount Pleasant Airport, Falkland Islands (Islas Malvinas)",Mount Pleasant Airport,MOUNT PLEASANT AIRPORT
FKM00088890,"Stanley, Falkland Islands (Islas Malvinas)",Stanley,STANLEY
FMM00091317,"Woleai Atoll, Micronesia Federated States of",Woleai Atoll,WOLEAI ATOLL
FMM00091334,"Truk/Caroline Is., Micronesia Federated States of",Truk,TRUK/CAROLINE IS.
FMM00091348,"Ponape/Caroline Is., Micronesia Federated States of",Ponape,PONAPE/CAROLINE IS.
FMM00091356,"Kusaie/Carolines, Micronesia Federated States of",Kusaie,KUSAIE/CAROLINES
FMM00091413,"Yap/Caroline Is., Micronesia Federated States of",Yap,YAP/CAROLINE IS.
FMM00091434,"Kapingamarangi Atol, Micronesia Federated States of",Kapingamarangi Atol,KAPINGAMARANGI ATOL
FOM00006011,"Torshavn, Faroe Islands",Torshavn,TORSHAVN
FPM00091902,"Malden Island Af, French Polynesia",Malden Island Af,MALDEN ISLAND AF
FPM00091925,"Hiva-Oa, French Polynesia",Hiva-Oa,HIVA-OA
FPM00091928,"Usaf-Ds3-634, French Polynesia",Usaf-Ds3-634,USAF-DS3-634
FPM00091929,"Bora-Bora, French Polynesia",Bora-Bora,BORA-BORA
FPM00091931,"Usaf-Ds3-635, French Polynesia",Usaf-Ds3-635,USAF-DS3-635
FPM00091938,"Tahiti-Faaa, French Polynesia",Tahiti-Faaa,TAHITI-FAAA
FPM00091941,"Rangiroa, French Polynesia",Rangiroa,RANGIROA
FPM00091943,"Takaroa Atoll, French Polynesia",Takaroa Atoll,TAKAROA ATOLL
FPM00091944,"Hao, French Polynesia",Hao,HAO
FPM00091945,"Hereheretue, French Polynesia",Hereheretue,HEREHERETUE
FPM00091946,"Tureia, French Polynesia",Tureia,TUREIA
FPM00091948,"Mangareva, French Polynesia",Mangareva,MANGAREVA
FPM00091952,"Mururoa, French Polynesia",Mururoa,MURUROA
FPM00091954,"Tubuai Island, French Polynesia",Tubuai Island,TUBUAI ISLAND
FPM00091958,"Rapa, French Polynesia",Rapa,RAPA
FRM00007005,"Abbeville, France",Abbeville,ABBEVILLE
FRM00007070,"Reims, France",Reims,REIMS
FRM00007110,"Brest-Guipavas, France",Brest-Guipavas,BREST-GUIPAVAS
FRM00007130,"Rennes, France",Rennes,RENNES
FRM00007145,"Trappes, France",Trappes,TRAPPES
FRM00007180,"Nancy/Essey, France",Nancy,NANCY/ESSEY
FRM00007190,"Strasbourg, France",Strasbourg,STRASBOURG
FRM00007222,"Nantes, France",Nantes,NANTES
FRM00007255,"Bourges, France",Bourges,BOURGES
FRM00007265,"Auxerre, France",Auxerre,AUXERRE
FRM00007280,"Dijon, France",Dijon,DIJON
FRM00007354,"Chateauroux, France",Chateauroux,CHATEAUROUX
FRM00007412,"Cognac, France",Cognac,COGNAC
FRM00007434,"Limoges, France",Limoges,LIMOGES
FRM00007480,"Lyon-Bron, France",Lyon-Bron,LYON-BRON
FRM00007481,"Lyon-St Exupery, France",Lyon-St Exupery,LYON-ST EXUPERY
FRM00007510,"Bordeaux Merignac, France",Bordeaux Merignac,BORDEAUX MERIGNAC
FRM00007577,"Montelimar, France",Montelimar,MONTELIMAR
FRM00007602,"Biarritz, France",Biarritz,BIARRITZ
FRM00007603,"Dax, France",Dax,DAX
FRM00007607,"Mont-De-Marsan, France",Mont-De-Marsan,MONT-DE-MARSAN
FRM00007627,"Saint Girons, France",Saint Girons,SAINT GIRONS
FRM00007630,"Toulouse Blagnac, France",Toulouse Blagnac,TOULOUSE BLAGNAC
FRM00007645,"Nimes-Courbessac, France",Nimes-Courbessac,NIMES-COURBESSAC
FRM00007680,"Saint-Raphael, France",Saint-Raphael,SAINT-RAPHAEL
FRM00007690,"Nice, France",Nice,NICE
FRM00007761,"Ajaccio, France",Ajaccio,AJACCIO
FRXUAC03602,"Chaumont, France",Chaumont,CHAUMONT
FRXUAE05723,"Paris, France",Paris,PARIS
FSM00061996,"Martin De Vivies, French Southern and Antarctic Lands",Martin De Vivies,MARTIN DE VIVIES
FSM00061998,"Port-Aux-Francais, French Southern and Antarctic Lands",Port-Aux-Francais,PORT-AUX-FRANCAIS
GBM00064500,"Libreville, Gabon",Libreville,LIBREVILLE
GBM00064501,"Port-Gentil, Gabon",Port-Gentil,PORT-GENTIL
GBM00064510,"Bitam, Gabon",Bitam,BITAM
GBM00064565,"Usaf-Ds3-468, Gabon",Usaf-Ds3-468,USAF-DS3-468
GGM00037260,"Usaf-Ds3-234, Georgia",Usaf-Ds3-234,USAF-DS3-234
GGM00037395,"Kutaisi, Georgia",Kutaisi,KUTAISI
GGM00037409,"Sakara, Georgia",Sakara,SAKARA
GGM00037484,"Batumi, Georgia",Batumi,BATUMI
GGM00037549,"Tbilisi/Novoalexeye, Georgia",Tbilisi,TBILISI/NOVOALEXEYE
GHM00065418,"Tamale, Ghana",Tamale,TAMALE
GHM00065467,"Takoradi, Ghana",Takoradi,TAKORADI
GHM00065472,"Accra/Kotoka Intl, Ghana",Accra,ACCRA/KOTOKA INTL
GIM00008495,"Gibraltar (8495-0), Gibraltar",Gibraltar (8495-0),GIBRALTAR (8495-0)
GLM00004202,"Pituffik, Greenland",Pituffik,PITUFFIK
GLM00004220,"Aasiaat, Greenland",Aasiaat,AASIAAT
GLM00004231,"Kangerlussuak, Greenland",Kangerlussuak,KANGERLUSSUAK
GLM00004270,"Mittarfik Narsarsuaq, Greenland",Mittarfik Narsarsuaq,MITTARFIK NARSARSUAQ
GLM00004310,"Nord, Greenland",Nord,NORD
GLM00004320,"Danmarkshavn, Greenland",Danmarkshavn,DANMARKSHAVN
GLM00004339,"Ittoqqortoormiit, Greenland",Ittoqqortoormiit,ITTOQQORTOORMIIT
GLM00004340,"Kap Tobin, Greenland",Kap Tobin,KAP TOBIN
GLM00004360,"Tasiilaq, Greenland",Tasiilaq,TASIILAQ
GLM00004417,"Geosummit, Greenland",Geosummit,GEOSUMMIT
GLXUA042705,"Marrak Point, Greenland",Marrak Point,MARRAK POINT
GLXUAC03499,"Ikateq, Greenland",Ikateq,IKATEQ
GLXUAC03509,"Thule, Greenland",Thule,THULE
GLXUAE05845,"Oststation, Greenland",Oststation,OSTSTATION
GMM00010034,"Eggebeck, Germany",Eggebeck,EGGEBECK
GMM00010035,"Schleswig, Germany",Schleswig,SCHLESWIG
GMM00010046,"Usaf-Ds3-075, Germany",Usaf-Ds3-075,USAF-DS3-075
GMM00010113,"Norderney, Germany",Norderney,NORDERNEY
GMM00010122,"Jever, Germany",Jever,JEVER
GMM00010184,"Greifswald, Germany",Greifswald,GREIFSWALD
GMM00010200,"Emden, Germany",Emden,EMDEN
GMM00010238,"Bergen, Germany",Bergen,BERGEN
GMM00010272,"Usaf-Ds3-082, Germany",Usaf-Ds3-082,USAF-DS3-082
GMM00010304,"Meppen, Germany",Meppen,MEPPEN
GMM00010307,"Usaf-Ds3-084, Germany",Usaf-Ds3-084,USAF-DS3-084
GMM00010338,"Usaf-Ds3-085, Germany",Usaf-Ds3-085,USAF-DS3-085
GMM00010384,"Usaf-Ds3-086, Germany",Usaf-Ds3-086,USAF-DS3-086
GMM00010393,"Lindenberg, Germany",Lindenberg,LINDENBERG
GMM00010404,"Kalkar, Germany",Kalkar,KALKAR
GMM00010410,"Essen (Aerology), Germany",Essen (Aerology),ESSEN (AEROLOGY)
GMM00010419,"Ludenscheid, Germany",Ludenscheid,LUDENSCHEID
GMM00010437,"Usaf-Ds3-091, Germany",Usaf-Ds3-091,USAF-DS3-091
GMM00010454,"Wernigerode, Germany",Wernigerode,WERNIGERODE
GMM00010468,"Oppin, Germany",Oppin,OPPIN
GMM00010486,"Usaf-Ds3-096, Germany",Usaf-Ds3-096,USAF-DS3-096
GMM00010513,"Koln/Bonn, Germany",Koln,KOLN/BONN
GMM00010533,"Usaf-Ds3-099, Germany",Usaf-Ds3-099,USAF-DS3-099
GMM00010548,"Meiningen, Germany",Meiningen,MEININGEN
GMM00010610,"Bitburg, Germany",Bitburg,BITBURG
GMM00010618,"Idar-Oberstein, Germany",Idar-Oberstein,IDAR-OBERSTEIN
GMM00010619,"Baumholder (Usa-Af), Germany",Baumholder (Usa-Af),BAUMHOLDER (USA-AF)
GMM00010633,"Wiesbaden, Germany",Wiesbaden,WIESBADEN
GMM00010639,"Langen, Germany",Langen,LANGEN
GMM00010640,"Usaf-Ds3-105, Germany",Usaf-Ds3-105,USAF-DS3-105
GMM00010642,"Usaf-Ds3-106, Germany",Usaf-Ds3-106,USAF-DS3-106
GMM00010643,"Usaf-Ds3-107, Germany",Usaf-Ds3-107,USAF-DS3-107
GMM00010657,"Usaf-Ds3-109, Germany",Usaf-Ds3-109,USAF-DS3-109
GMM00010659,"Usaf-Ds3-110, Germany",Usaf-Ds3-110,USAF-DS3-110
GMM00010687,"Grafenwoehr, Germany",Grafenwoehr,GRAFENWOEHR
GMM00010729,"Usaf-Ds3-113, Germany",Usaf-Ds3-113,USAF-DS3-113
GMM00010739,"Stuttgart (Aerology), Germany",Stuttgart (Aerology),STUTTGART (AEROLOGY)
GMM00010763,"Usaf-Ds3-116, Germany",Usaf-Ds3-116,USAF-DS3-116
GMM00010764,"Feucht(Usa-Af), Germany",Feucht(Usa-Af),FEUCHT(USA-AF)
GMM00010771,"Kuemmersbruck, Germany",Kuemmersbruck,KUEMMERSBRUCK
GMM00010828,"Usaf-Ds3-120, Germany",Usaf-Ds3-120,USAF-DS3-120
GMM00010862,"Usaf-Ds3-124, Germany",Usaf-Ds3-124,USAF-DS3-124
GMM00010866,"Munich/Riem, Germany",Munich,MUNICH/RIEM
GMM00010868,"Oberschleii Heim (Aerology), Germany",Oberschleii Heim (Aerology),OBERSCHLEII HEIM (AEROLOGY)
GMM00010921,"Usaf-Ds3-126, Germany",Usaf-Ds3-126,USAF-DS3-126
GMM00010934,"Friedrichshafen, Germany",Friedrichshafen,FRIEDRICHSHAFEN
GMM00010954,"Altenstadt, Germany",Altenstadt,ALTENSTADT
GMM00010962,"Hohenpeissenberg, Germany",Hohenpeissenberg,HOHENPEISSENBERG
GMXUAC00001,"Freiburg, Germany",Freiburg,FREIBURG
GMXUAC00002,"Trier, Germany",Trier,TRIER
GMXUAC00006,"Erfurt, Germany",Erfurt,ERFURT
GMXUAE05645,"Borkum, Germany",Borkum,BORKUM
GMXUAE05685,"Hamburg, Germany",Hamburg,HAMBURG
GMXUAE05751,"Tarp, Germany",Tarp,TARP
GOM00061968,"Iles Glorieuses, Glorioso Islands",Iles Glorieuses,ILES GLORIEUSES
GPM00078897,"Le Raizet Aero, Guadeloupe",Le Raizet Aero,LE RAIZET AERO
GQM00091212,"Weather Forecast Office; Gu, Guam",Weather Forecast Office; Gu,WEATHER FORECAST OFFICE; GU
GRM00016622,"Thessaloniki (Airport), Greece",Thessaloniki (Airport),THESSALONIKI (AIRPORT)
GRM00016716,"Athinai Hellinikon, Greece",Athinai Hellinikon,ATHINAI HELLINIKON
GRM00016754,"Herakleion (Airport), Greece",Herakleion (Airport),HERAKLEION (AIRPORT)
GTM00078637,"Puerto Barrios, Guatemala",Puerto Barrios,PUERTO BARRIOS
GTM00078641,"Guatemala City, Guatemala",Guatemala City,GUATEMALA CITY
GTM00078647,"San Jose, Guatemala",San Jose,SAN JOSE
GVM00061831,"Conakry, Guinea",Conakry,CONAKRY
GVXUAAW1809,"Labe, Guinea",Labe,LABE
GVXUAAW1820,"Mamou, Guinea",Mamou,MAMOU
GVXUAAW1829,"Kankan, Guinea",Kankan,KANKAN
HKM00045004,"Kowloon (45004-0), Hong Kong",Kowloon (45004-0),KOWLOON (45004-0)
HMM00094997,"Heard Is.(Thespit), Heard Island and McDonald Islands",Heard Is.(Thespit),HEARD IS.(THESPIT)
HOM00078501,"Swan Island, Honduras",Swan Island,SWAN ISLAND
HOM00078720,"Tegucigalpa, Honduras",Tegucigalpa,TEGUCIGALPA
HOM00078721,"Soto Cano Ab, Honduras",Soto Cano Ab,SOTO CANO AB
HOW00011816,"Choluteca, Honduras",Choluteca,CHOLUTECA
HRM00013150,"Usaf-Ds3-142, Croatia",Usaf-Ds3-142,USAF-DS3-142
HRM00013209,"Usaf-Ds3-143, Croatia",Usaf-Ds3-143,USAF-DS3-143
HRM00013334,"Usaf-Ds3-146, Croatia",Usaf-Ds3-146,USAF-DS3-146
HRM00014240,"Zagreb/Maksimir, Croatia",Zagreb,ZAGREB/MAKSIMIR
HRM00014430,"Zadar Rs, Croatia",Zadar Rs,ZADAR RS
HUM00012812,"Szombathely, Hungary",Szombathely,SZOMBATHELY
HUM00012843,"Budapest/Pestszentlorinc, Hungary",Budapest,BUDAPEST/PESTSZENTLORINC
HUM00012942,"Pecs/Pogany, Hungary",Pecs,PECS/POGANY
HUM00012982,"Szeged, Hungary",Szeged,SZEGED
,,,
ICM00004089,"Egilsstadir, Iceland",Egilsstadir,EGILSSTADIR
ICXUAE05424,"Akureyri, Iceland",Akureyri,AKUREYRI
ICXUAE05425,"Reykjavik, Iceland",Reykjavik,REYKJAVIK
IDM00096009,"Lhokseumawe/Malikussaleh, Indonesia",Lhokseumawe,LHOKSEUMAWE/MALIKUSSALEH
IDM00096011,"Banda Aceh/Blang Bintang, Indonesia",Banda Aceh,BANDA ACEH/BLANG BINTANG
IDM00096015,"Meulaboh/Cut Nyak Dhien, Indonesia",Meulaboh,MEULABOH/CUT NYAK DHIEN
IDM00096035,"Kualanamu Medan, Indonesia",Kualanamu Medan,KUALANAMU MEDAN
IDM00096073,"Sibolga/Pinangsori, Indonesia",Sibolga,SIBOLGA/PINANGSORI
IDM00096075,"Gunung Sitoli/Binaka, Indonesia",Gunung Sitoli,GUNUNG SITOLI/BINAKA
IDM00096091,"Tanjung Pinang/Kijang, Indonesia",Tanjung Pinang,TANJUNG PINANG/KIJANG
IDM00096109,"Pekan Baru/Simpangtiga, Indonesia",Pekan Baru,PEKAN BARU/SIMPANGTIGA
IDM00096145,"Tarempa, Indonesia",Tarempa,TAREMPA
IDM00096147,"Ranai, Indonesia",Ranai,RANAI
IDM00096163,"Mia Padang, Indonesia",Mia Padang,MIA PADANG
IDM00096171,"Rengat/Japura, Indonesia",Rengat,RENGAT/JAPURA
IDM00096179,"Singkep/Dabo, Indonesia",Singkep,SINGKEP/DABO
IDM00096195,"Jambi/Sultan Taha, Indonesia",Jambi,JAMBI/SULTAN TAHA
IDM00096207,"Kerinci/Depati Parbo, Indonesia",Kerinci,KERINCI/DEPATI PARBO
IDM00096221,"Palembang/St. M. Badarudin, Indonesia",Palembang,PALEMBANG/ST. M. BADARUDIN
IDM00096237,"Pangkal Pinang, Indonesia",Pangkal Pinang,PANGKAL PINANG
IDM00096249,"Tanjung Pandan/Buluh Tumban, Indonesia",Tanjung Pandan,TANJUNG PANDAN/BULUH TUMBAN
IDM00096253,"Bengkulu/Padang Kemiling, Indonesia",Bengkulu,BENGKULU/PADANG KEMILING
IDM00096273,"Menggala/Astra Kset, Indonesia",Menggala,MENGGALA/ASTRA KSET
IDM00096295,"Tanjung Karang/Radin Inten, Indonesia",Tanjung Karang,TANJUNG KARANG/RADIN INTEN
IDM00096509,"Tarakan/Juwata, Indonesia",Tarakan,TARAKAN/JUWATA
IDM00096529,"Tanjung Redep/Kalimarau, Indonesia",Tanjung Redep,TANJUNG REDEP/KALIMARAU
IDM00096535,"Paloh, Indonesia",Paloh,PALOH
IDM00096565,"Putussibau/Pagsuma, Indonesia",Putussibau,PUTUSSIBAU/PAGSUMA
IDM00096581,"Pontianak/Supadio, Indonesia",Pontianak,PONTIANAK/SUPADIO
IDM00096595,"Muara Teweh/Beringin, Indonesia",Muara Teweh,MUARA TEWEH/BERINGIN
IDM00096607,"Samarinda/Temindung, Indonesia",Samarinda,SAMARINDA/TEMINDUNG
IDM00096633,"Balikpapan/Sepinggan, Indonesia",Balikpapan,BALIKPAPAN/SEPINGGAN
IDM00096645,"Pangkalan Bun/Iskandar, Indonesia",Pangkalan Bun,PANGKALAN BUN/ISKANDAR
IDM00096655,"Palangka Raya/Tjilik Riwut, Indonesia",Palangka Raya,PALANGKA RAYA/TJILIK RIWUT
IDM00096685,"Banjarmasin/Syamsudin Noor, Indonesia",Banjarmasin,BANJARMASIN/SYAMSUDIN NOOR
IDM00096737,"Serang, Indonesia",Serang,SERANG
IDM00096739,"Curug/Budiarto, Indonesia",Curug,CURUG/BUDIARTO
IDM00096749,"Jakarta/Soekarno-Hatta, Indonesia",Jakarta,JAKARTA/SOEKARNO-HATTA
IDM00096755,"Usaf-Ds3-673, Indonesia",Usaf-Ds3-673,USAF-DS3-673
IDM00096773,"Kalijati, Indonesia",Kalijati,KALIJATI
IDM00096781,"Bandung/Husein, Indonesia",Bandung,BANDUNG/HUSEIN
IDM00096791,"Cirebon/Jatiwangi, Indonesia",Cirebon,CIREBON/JATIWANGI
IDM00096797,"Tegal, Indonesia",Tegal,TEGAL
IDM00096801,"Cibeurem/Tasik(Afb), Indonesia",Cibeurem,CIBEUREM/TASIK(AFB)
IDM00096805,"Cilacap, Indonesia",Cilacap,CILACAP
IDM00096839,"Semarang/Ahmad Yani, Indonesia",Semarang,SEMARANG/AHMAD YANI
IDM00096845,"Surakarta/Adisumarm, Indonesia",Surakarta,SURAKARTA/ADISUMARM
IDM00096853,"Adisucipto/Jogyakar, Indonesia",Adisucipto,ADISUCIPTO/JOGYAKAR
IDM00096881,"Madiun/Iswahyud Afb, Indonesia",Madiun,MADIUN/ISWAHYUD AFB
IDM00096925,"Sangkapura (Bawean Is.), Indonesia",Sangkapura (Bawean Is.),SANGKAPURA (BAWEAN IS.)
IDM00096935,"Juanda Surabaya, Indonesia",Juanda Surabaya,JUANDA SURABAYA
IDM00096947,"Malang/Abdul (Afb), Indonesia",Malang,MALANG/ABDUL (AFB)
IDM00096973,"Kalianget (Madura Is), Indonesia",Kalianget (Madura Is),KALIANGET (MADURA IS)
IDM00096987,"Banyuwangi, Indonesia",Banyuwangi,BANYUWANGI
IDM00097008,"Naha/Tahuna, Indonesia",Naha,NAHA/TAHUNA
IDM00097014,"Menado/ Sam Ratulangi, Indonesia",Menado,MENADO/ SAM RATULANGI
IDM00097028,"Toli-Toli/Lalos, Indonesia",Toli-Toli,TOLI-TOLI/LALOS
IDM00097048,"Gorontalo/Jalaluddin, Indonesia",Gorontalo,GORONTALO/JALALUDDIN
IDM00097072,"Palu/Mutiara, Indonesia",Palu,PALU/MUTIARA
IDM00097086,"Luwuk/Bubung, Indonesia",Luwuk,LUWUK/BUBUNG
IDM00097096,"Poso/Kasiguncu, Indonesia",Poso,POSO/KASIGUNCU
IDM00097120,"Majene, Indonesia",Majene,MAJENE
IDM00097146,"Kendari/Wolter Mong, Indonesia",Kendari,KENDARI/WOLTER MONG
IDM00097180,"Ujung Pandang/Hasanuddin, Indonesia",Ujung Pandang,UJUNG PANDANG/HASANUDDIN
IDM00097192,"Bau-Bau/Beto Ambari, Indonesia",Bau-Bau,BAU-BAU/BETO AMBARI
IDM00097230,"Denpasar/Ngurah Rai, Indonesia",Denpasar,DENPASAR/NGURAH RAI
IDM00097240,"Praya Lombok, Indonesia",Praya Lombok,PRAYA LOMBOK
IDM00097260,"Sumbawa Besar/Brangbiji, Indonesia",Sumbawa Besar,SUMBAWA BESAR/BRANGBIJI
IDM00097270,"Bima/M.Salahuddin, Indonesia",Bima,BIMA/M.SALAHUDDIN
IDM00097300,"Maumere/Wai Oti, Indonesia",Maumere,MAUMERE/WAI OTI
IDM00097340,"Waingapu/Mau Hau, Indonesia",Waingapu,WAINGAPU/MAU HAU
IDM00097372,"Kupang/Eltari, Indonesia",Kupang,KUPANG/ELTARI
IDM00097430,"Ternate/Babullah, Indonesia",Ternate,TERNATE/BABULLAH
IDM00097460,"Labuha/Oesman Sadik, Indonesia",Labuha,LABUHA/OESMAN SADIK
IDM00097502,"Deo Sorong, Indonesia",Deo Sorong,DEO SORONG
IDM00097530,"Manokwari/Rendani, Indonesia",Manokwari,MANOKWARI/RENDANI
IDM00097560,"Biak/Frans Kaisiepo, Indonesia",Biak,BIAK/FRANS KAISIEPO
IDM00097600,"Sanana, Indonesia",Sanana,SANANA
IDM00097686,"Wamena, Indonesia",Wamena,WAMENA
IDM00097690,"Jayapura/Sentani, Indonesia",Jayapura,JAYAPURA/SENTANI
IDM00097724,"Ambon/Pattimura, Indonesia",Ambon,AMBON/PATTIMURA
IDM00097748,"Geser, Indonesia",Geser,GESER
IDM00097760,"Kaimana/Utarom, Indonesia",Kaimana,KAIMANA/UTAROM
IDM00097810,"Tual/Dumatubun, Indonesia",Tual,TUAL/DUMATUBUN
IDM00097876,"Tanah Merah, Indonesia",Tanah Merah,TANAH MERAH
IDM00097900,"Saumlaki/Olilit, Indonesia",Saumlaki,SAUMLAKI/OLILIT
IDM00097980,"Merauke/Mopah, Indonesia",Merauke,MERAUKE/MOPAH
INM00042027,"Srinagar (42027-0), India",Srinagar (42027-0),SRINAGAR (42027-0)
INM00042056,"Jammu, India",Jammu,JAMMU
INM00042071,"Amritsar, India",Amritsar,AMRITSAR
INM00042079,"Sundernagar, India",Sundernagar,SUNDERNAGAR
INM00042101,"Patiala, India",Patiala,PATIALA
INM00042103,"Ambala, India",Ambala,AMBALA
INM00042111,"Dehradun, India",Dehradun,DEHRADUN
INM00042123,"Ganganagar, India",Ganganagar,GANGANAGAR
INM00042165,"Bikaner, India",Bikaner,BIKANER
INM00042170,"Churu, India",Churu,CHURU
INM00042182,"New Delhi/Safdarjung, India",New Delhi,NEW DELHI/SAFDARJUNG
INM00042189,"Bareilly, India",Bareilly,BAREILLY
INM00042220,"Pasighat, India",Pasighat,PASIGHAT
INM00042260,"Agra (42260-0), India",Agra (42260-0),AGRA (42260-0)
INM00042273,"Bahraich, India",Bahraich,BAHRAICH
INM00042299,"Gangtok, India",Gangtok,GANGTOK
INM00042314,"Dibrugarh /Mohanbari, India",Dibrugarh ,DIBRUGARH /MOHANBARI
INM00042328,"Jaisalmer, India",Jaisalmer,JAISALMER
INM00042339,"Jodhpur, India",Jodhpur,JODHPUR
INM00042348,"Jaipur / Sanganer, India",Jaipur ,JAIPUR / SANGANER
INM00042361,"Gwalior, India",Gwalior,GWALIOR
INM00042369,"Lucknow/Amausi, India",Lucknow,LUCKNOW/AMAUSI
INM00042379,"Gorakhpur, India",Gorakhpur,GORAKHPUR
INM00042382,"Raxaul, India",Raxaul,RAXAUL
INM00042397,"Siliguri (42397-0), India",Siliguri (42397-0),SILIGURI (42397-0)
INM00042399,"Jalpaiguri, India",Jalpaiguri,JALPAIGURI
INM00042410,"Guwahati, India",Guwahati,GUWAHATI
INM00042416,"Tezpur/Bindukuri, India",Tezpur,TEZPUR/BINDUKURI
INM00042435,"Barmer, India",Barmer,BARMER
INM00042452,"Kota Aerodrome, India",Kota Aerodrome,KOTA AERODROME
INM00042474,"Allahabad/Ghoorpur, India",Allahabad,ALLAHABAD/GHOORPUR
INM00042475,"Allahabad/Bamhrauli, India",Allahabad,ALLAHABAD/BAMHRAULI
INM00042492,"Patna, India",Patna,PATNA
INM00042498,"Bhagalpur, India",Bhagalpur,BHAGALPUR
INM00042516,"Shillong, India",Shillong,SHILLONG
INM00042539,"Deesa, India",Deesa,DEESA
INM00042542,"Udaipur Dabok, India",Udaipur Dabok,UDAIPUR DABOK
INM00042543,"Udaipur, India",Udaipur,UDAIPUR
INM00042591,"Gaya (42591-0), India",Gaya (42591-0),GAYA (42591-0)
INM00042623,"Imphal/Tulihal, India",Imphal,IMPHAL/TULIHAL
INM00042634,"Bhuj-Rudramata, India",Bhuj-Rudramata,BHUJ-RUDRAMATA
INM00042647,"Ahmadabad, India",Ahmadabad,AHMADABAD
INM00042667,"Bhopal/Bairaghar, India",Bhopal,BHOPAL/BAIRAGHAR
INM00042675,"Jabalpur, India",Jabalpur,JABALPUR
INM00042700,"Usaf-Ds3-276, India",Usaf-Ds3-276,USAF-DS3-276
INM00042701,"M.O. Ranchi, India",M.O. Ranchi,M.O. RANCHI
INM00042704,"Usaf-Ds3-277, India",Usaf-Ds3-277,USAF-DS3-277
INM00042706,"Bankura, India",Bankura,BANKURA
INM00042724,"Agartala, India",Agartala,AGARTALA
INM00042726,"Lengpui, India",Lengpui,LENGPUI
INM00042734,"Jamnagar, India",Jamnagar,JAMNAGAR
INM00042779,"Pendra Road, India",Pendra Road,PENDRA ROAD
INM00042798,"Jamshedpur (42798-0), India",Jamshedpur (42798-0),JAMSHEDPUR (42798-0)
INM00042809,"Kolkata/Dum Dum, India",Kolkata,KOLKATA/DUM DUM
INM00042840,"Surat (42840-0), India",Surat (42840-0),SURAT (42840-0)
INM00042867,"Nagpur Sonegaon, India",Nagpur Sonegaon,NAGPUR SONEGAON
INM00042874,"Pbo Raipur, India",Pbo Raipur,PBO RAIPUR
INM00042886,"Jharsiguda, India",Jharsiguda,JHARSIGUDA
INM00042895,"Balasore, India",Balasore,BALASORE
INM00042909,"Veraval, India",Veraval,VERAVAL
INM00042970,"Cuttack, India",Cuttack,CUTTACK
INM00042971,"Bhubaneshwar, India",Bhubaneshwar,BHUBANESHWAR
INM00043003,"Bombay / Santacruz, India",Bombay ,BOMBAY / SANTACRUZ
INM00043014,"Aurangabad Airport, India",Aurangabad Airport,AURANGABAD AIRPORT
INM00043041,"Jagdalpur, India",Jagdalpur,JAGDALPUR
INM00043049,"Gopalpur, India",Gopalpur,GOPALPUR
INM00043063,"Pune, India",Pune,PUNE
INM00043086,"Ramgundam, India",Ramgundam,RAMGUNDAM
INM00043110,"Ratnagiri, India",Ratnagiri,RATNAGIRI
INM00043128,"Hyderabad Airport, India",Hyderabad Airport,HYDERABAD AIRPORT
INM00043150,"Vishakhapatnam/Waltair, India",Vishakhapatnam,VISHAKHAPATNAM/WALTAIR
INM00043181,"Vijayawada/Gannava, India",Vijayawada,VIJAYAWADA/GANNAVA
INM00043185,"Machilipatnam/Franchpet, India",Machilipatnam,MACHILIPATNAM/FRANCHPET
INM00043192,"Goa/Panjim, India",Goa,GOA/PANJIM
INM00043194,"Goa/Dabolim Airport, India",Goa,GOA/DABOLIM AIRPORT
INM00043201,"Gadag, India",Gadag,GADAG
INM00043237,"Anantapur, India",Anantapur,ANANTAPUR
INM00043279,"Madras/Minambakkam, India",Madras,MADRAS/MINAMBAKKAM
INM00043284,"Mangalore/Bajpe, India",Mangalore,MANGALORE/BAJPE
INM00043285,"Mangalore/Panambur, India",Mangalore,MANGALORE/PANAMBUR
INM00043295,"Bengaluru, India",Bengaluru,BENGALURU
INM00043311,"Aminidivi, India",Aminidivi,AMINIDIVI
INM00043333,"Port Blair, India",Port Blair,PORT BLAIR
INM00043344,"Tiruchchirapalli, India",Tiruchchirapalli,TIRUCHCHIRAPALLI
INM00043346,"Karaikal, India",Karaikal,KARAIKAL
INM00043353,"Cochin/Willingdon, India",Cochin,COCHIN/WILLINGDON
INM00043368,"Usaf-Ds3-279, India",Usaf-Ds3-279,USAF-DS3-279
INM00043369,"Minicoy, India",Minicoy,MINICOY
INM00043371,"Thiruvananthapuram (43371-0, India",Thiruvananthapuram (43371-0,THIRUVANANTHAPURAM (43371-0
INXUAC03369,"Barakpur, India",Barakpur,BARAKPUR
INXUAE05431,"Bhuj, India",Bhuj,BHUJ
INXUAE05449,"Kankroli/Rajsamand, India",Kankroli,KANKROLI/RAJSAMAND
INXUAE05454,"Malegaon, India",Malegaon,MALEGAON
INXUAE05457,"Mangalore/Mangaluru, India",Mangalore,MANGALORE/MANGALURU
INXUAE05462,"New Dehli, India",New Dehli,NEW DEHLI
INXUAE05466,"Sambalpur, India",Sambalpur,SAMBALPUR
INXUAE05469,"Tezpur, India",Tezpur,TEZPUR
INXUAE05473,"Vengurla, India",Vengurla,VENGURLA
INXUAE05784,"Ajmer, India",Ajmer,AJMER
INXUAE05786,"Alipore, India",Alipore,ALIPORE
INXUAE05794,"Bellary, India",Bellary,BELLARY
INXUAE05796,"Colaba, India",Colaba,COLABA
INXUAE05798,"Darjeeling, India",Darjeeling,DARJEELING
INXUAE05800,"Diamond Harbour, India",Diamond Harbour,DIAMOND HARBOUR
INXUAE05822,"Purnea, India",Purnea,PURNEA
INXUAE05832,"Shimla, India",Shimla,SHIMLA
INXUAE05834,"Silchar, India",Silchar,SILCHAR
INXUAE05840,"Waltair, India",Waltair,WALTAIR
IOM00061967,"Diego Garcia, British Indian Ocean Territory",Diego Garcia,DIEGO GARCIA
IRM00040706,"Tabriz, Iran",Tabriz,TABRIZ
IRM00040738,"Gorgan, Iran",Gorgan,GORGAN
IRM00040745,"Mashhad, Iran",Mashhad,MASHHAD
IRM00040754,"Tehran-Mehrabad, Iran",Tehran-Mehrabad,TEHRAN-MEHRABAD
IRM00040766,"Kermanshah, Iran",Kermanshah,KERMANSHAH
IRM00040795,"Usaf-Ds3-261, Iran",Usaf-Ds3-261,USAF-DS3-261
IRM00040800,"Esfahan, Iran",Esfahan,ESFAHAN
IRM00040809,"Birjand, Iran",Birjand,BIRJAND
IRM00040811,"Ahwaz, Iran",Ahwaz,AHWAZ
IRM00040821,"Yazd, Iran",Yazd,YAZD
IRM00040841,"Kerman, Iran",Kerman,KERMAN
IRM00040848,"Shiraz, Iran",Shiraz,SHIRAZ
IRM00040856,"Zahedan, Iran",Zahedan,ZAHEDAN
IRM00040875,"Bandarabbass, Iran",Bandarabbass,BANDARABBASS
ISM00040165,"Usaf-Ds3-244, Israel",Usaf-Ds3-244,USAF-DS3-244
ISM00040179,"Bet Dagan, Israel",Bet Dagan,BET DAGAN
ISM00040181,"Beer-Ya Aqov To 401790, Israel",Beer-Ya Aqov To 401790,BEER-YA AQOV TO 401790
ISM00040186,"Ashdod North, Israel",Ashdod North,ASHDOD NORTH
ISM00040191,"Beer-Sheva, Israel",Beer-Sheva,BEER-SHEVA
ISM00040199,"Eilat, Israel",Eilat,EILAT
ITM00016037,"Aviano (16037-0), Italy",Aviano (16037-0),AVIANO (16037-0)
ITM00016044,"Udine/Campoformido, Italy",Udine,UDINE/CAMPOFORMIDO
ITM00016045,"Udine/Rivolto, Italy",Udine,UDINE/RIVOLTO
ITM00016064,"Novara/Cameri, Italy",Novara,NOVARA/CAMERI
ITM00016080,"Milano/Linate (16080-0), Italy",Milano,MILANO/LINATE (16080-0)
ITM00016113,"Cuneo-Levaldigi Rds, Italy",Cuneo-Levaldigi Rds,CUNEO-LEVALDIGI RDS
ITM00016144,"S. Pietro Capofiume Rds, Italy",S. Pietro Capofiume Rds,S. PIETRO CAPOFIUME RDS
ITM00016242,"Roma Fiumicino, Italy",Roma Fiumicino,ROMA FIUMICINO
ITM00016245,"Pratica Di Mare, Italy",Pratica Di Mare,PRATICA DI MARE
ITM00016320,"Brindisi, Italy",Brindisi,BRINDISI
ITM00016332,"Lecce (16332-0), Italy",Lecce (16332-0),LECCE (16332-0)
ITM00016420,"Messina, Italy",Messina,MESSINA
ITM00016429,"Trapani Birgi, Italy",Trapani Birgi,TRAPANI BIRGI
ITM00016546,"Decimomannu, Italy",Decimomannu,DECIMOMANNU
ITM00016560,"Cagliari Elmas, Italy",Cagliari Elmas,CAGLIARI ELMAS
ITXUAC00012,"Catania, Italy",Catania,CATANIA
ITXUAC00013,"Marsala, Italy",Marsala,MARSALA
IVM00065528,"Odienne, Cote d'Ivoire",Odienne,ODIENNE
IVM00065536,"Korhogo, Cote d'Ivoire",Korhogo,KORHOGO
IVM00065548,"Man, Cote d'Ivoire",Man,MAN
IVM00065555,"Bouake, Cote d'Ivoire",Bouake,BOUAKE
IVM00065578,"Abidjan, Cote d'Ivoire",Abidjan,ABIDJAN
IVM00065592,"Tabou, Cote d'Ivoire",Tabou,TABOU
IZM00040608,"Mosul, Iraq",Mosul,MOSUL
IZM00040642,"Rutbah, Iraq",Rutbah,RUTBAH
IZM00040648,"Al Habbaniyah, Iraq",Al Habbaniyah,AL HABBANIYAH
IZM00040650,"Baghdad Int. Airport, Iraq",Baghdad Int. Airport,BAGHDAD INT. AIRPORT
IZM00040676,"Nasiriya, Iraq",Nasiriya,NASIRIYA
IZM00040689,"Basrah-Hussen, Iraq",Basrah-Hussen,BASRAH-HUSSEN
JAM00047401,"Wakkanai, Japan",Wakkanai,WAKKANAI
JAM00047412,"Sapporo, Japan",Sapporo,SAPPORO
JAM00047418,"Kushiro (47418-0), Japan",Kushiro (47418-0),KUSHIRO (47418-0)
JAM00047420,"Nemuro, Japan",Nemuro,NEMURO
JAM00047580,"Misawa Ab, Japan",Misawa Ab,MISAWA AB
JAM00047582,"Akita (47582-0), Japan",Akita (47582-0),AKITA (47582-0)
JAM00047590,"Sendai, Japan",Sendai,SENDAI
JAM00047600,"Wajima, Japan",Wajima,WAJIMA
JAM00047604,"Niigata, Japan",Niigata,NIIGATA
JAM00047624,"Maebashi, Japan",Maebashi,MAEBASHI
JAM00047646,"Tateno, Japan",Tateno,TATENO
JAM00047655,"Omaezaki, Japan",Omaezaki,OMAEZAKI
JAM00047678,"Hachijojima, Japan",Hachijojima,HACHIJOJIMA
JAM00047681,"Hamamatsu Ab, Japan",Hamamatsu Ab,HAMAMATSU AB
JAM00047684,"Yokkaichi, Japan",Yokkaichi,YOKKAICHI
JAM00047688,"Tateyama Ab, Japan",Tateyama Ab,TATEYAMA AB
JAM00047696,"Yokosuka, Japan",Yokosuka,YOKOSUKA
JAM00047727,"Shimofusa Ab, Japan",Shimofusa Ab,SHIMOFUSA AB
JAM00047741,"Matsue, Japan",Matsue,MATSUE
JAM00047744,"Yonago, Japan",Yonago,YONAGO
JAM00047764,"Usaf-Ds3-294, Japan",Usaf-Ds3-294,USAF-DS3-294
JAM00047772,"Osaka, Japan",Osaka,OSAKA
JAM00047778,"Shionomisaki (47778-0), Japan",Shionomisaki (47778-0),SHIONOMISAKI (47778-0)
JAM00047787,"Ozuki Ab, Japan",Ozuki Ab,OZUKI AB
JAM00047807,"Fukuoka, Japan",Fukuoka,FUKUOKA
JAM00047810,"Saga Airport, Japan",Saga Airport,SAGA AIRPORT
JAM00047827,"Kagoshima, Japan",Kagoshima,KAGOSHIMA
JAM00047850,"Kanoya Ab, Japan",Kanoya Ab,KANOYA AB
JAM00047855,"Nagasaki Airport, Japan",Nagasaki Airport,NAGASAKI AIRPORT
JAM00047881,"Tokushima Ab, Japan",Tokushima Ab,TOKUSHIMA AB
JAM00047884,"Komatsushima Ab, Japan",Komatsushima Ab,KOMATSUSHIMA AB
JAM00047898,"Shimizu, Japan",Shimizu,SHIMIZU
JAM00047909,"Naze, Japan",Naze,NAZE
JAM00047911,"Yonaguni Airport, Japan",Yonaguni Airport,YONAGUNI AIRPORT
JAM00047918,"Ishigakijima, Japan",Ishigakijima,ISHIGAKIJIMA
JAM00047931,"Kadena Ab, Japan",Kadena Ab,KADENA AB
JAM00047936,"Naha, Japan",Naha,NAHA
JAM00047938,"Iejima Auxiliary Ab, Japan",Iejima Auxiliary Ab,IEJIMA AUXILIARY AB
JAM00047945,"Minamidaitojima, Japan",Minamidaitojima,MINAMIDAITOJIMA
JAM00047963,"Torishima, Japan",Torishima,TORISHIMA
JAM00047971,"Chichijima, Japan",Chichijima,CHICHIJIMA
JAM00047981,"Iwoto, Japan",Iwoto,IWOTO
JAM00047991,"Minamitorishima, Japan",Minamitorishima,MINAMITORISHIMA
JMM00078397,"Windsor, Jamaica",Windsor,WINDSOR
JNM00001001,"Jan Mayen, Jan Mayen",Jan Mayen,JAN MAYEN
JNM00001005,"Isfjord Radio, Jan Mayen",Isfjord Radio,ISFJORD RADIO
JNM00001020,"Kinnvika Station, Jan Mayen",Kinnvika Station,KINNVIKA STATION
JOM00040255,"Irbed, Jordan",Irbed,IRBED
JOM00040265,"Mafraq, Jordan",Mafraq,MAFRAQ
JOM00040270,"Amman Airport, Jordan",Amman Airport,AMMAN AIRPORT
JOM00040310,"Maan, Jordan",Maan,MAAN
JQM00091275,"Johnston Is Wso Ap, Johnston Atoll",Johnston Is Wso Ap,JOHNSTON IS WSO AP
JUM00061970,"Ile Juan De Nova, Juan de Nova Island",Ile Juan De Nova,ILE JUAN DE NOVA
KEM00063612,"Lodwar, Kenya",Lodwar,LODWAR
KEM00063619,"Moyale, Kenya",Moyale,MOYALE
KEM00063624,"Mandera, Kenya",Mandera,MANDERA
KEM00063641,"Marsabit, Kenya",Marsabit,MARSABIT
KEM00063661,"Kitale, Kenya",Kitale,KITALE
KEM00063671,"Wajir, Kenya",Wajir,WAJIR
KEM00063686,"Eldoret, Kenya",Eldoret,ELDORET
KEM00063694,"Usaf-Ds3-464, Kenya",Usaf-Ds3-464,USAF-DS3-464
KEM00063695,"Meru, Kenya",Meru,MERU
KEM00063708,"Kisumu, Kenya",Kisumu,KISUMU
KEM00063710,"Kericho, Kenya",Kericho,KERICHO
KEM00063714,"Nakuru, Kenya",Nakuru,NAKURU
KEM00063717,"Nyeri, Kenya",Nyeri,NYERI
KEM00063720,"Embu, Kenya",Embu,EMBU
KEM00063723,"Garissa, Kenya",Garissa,GARISSA
KEM00063737,"Narok, Kenya",Narok,NAROK
KEM00063741,"Dagoretti Corner, Kenya",Dagoretti Corner,DAGORETTI CORNER
KEM00063766,"Makindu, Kenya",Makindu,MAKINDU
KEM00063793,"Voi, Kenya",Voi,VOI
KEM00063799,"Malindi, Kenya",Malindi,MALINDI
KEM00063820,"Mombasa, Kenya",Mombasa,MOMBASA
KGM00036974,"Naryn, Kyrgyzstan",Naryn,NARYN
KGM00038353,"Bishkek, Kyrgyzstan",Bishkek,BISHKEK
KGM00038613,"Dzhalal-Abad, Kyrgyzstan",Dzhalal-Abad,DZHALAL-ABAD
KNM00047041,"Hamheung, Korea North",Hamheung,HAMHEUNG
KNM00047058,"Pyongyang, Korea North",Pyongyang,PYONGYANG
KRM00091487,"Fanning Island, Kiribati",Fanning Island,FANNING ISLAND
KRM00091492,"Christmas Island, Kiribati",Christmas Island,CHRISTMAS ISLAND
KRM00091610,"Tarawa, Kiribati",Tarawa,TARAWA
KRM00091701,"Kanton Island, Kiribati",Kanton Island,KANTON ISLAND
KSI0000RKSC,"Sv Ri San, Korea South",Sv Ri San,SV RI SAN
KSM00047090,"Sokcho, Korea South",Sokcho,SOKCHO
KSM00047098,"Dongducheon, Korea South",Dongducheon,DONGDUCHEON
KSM00047101,"Chuncheon, Korea South",Chuncheon,CHUNCHEON
KSM00047102,"Baengnyeongdo, Korea South",Baengnyeongdo,BAENGNYEONGDO
KSM00047107,"Gangneung Ab, Korea South",Gangneung Ab,GANGNEUNG AB
KSM00047110,"Gimpo Intl Airport, Korea South",Gimpo Intl Airport,GIMPO INTL AIRPORT
KSM00047111,"Seoul Ab, Korea South",Seoul Ab,SEOUL AB
KSM00047113,"Incheon Int'L Airport, Korea South",Incheon Int'L Airport,INCHEON INT'L AIRPORT
KSM00047118,"Wonju Ab, Korea South",Wonju Ab,WONJU AB
KSM00047122,"Osan Ab, Korea South",Osan Ab,OSAN AB
KSM00047123,"Sangdong, Korea South",Sangdong,SANGDONG
KSM00047128,"Cheongju Intl Airpo, Korea South",Cheongju Intl Airpo,CHEONGJU INTL AIRPO
KSM00047129,"Seosan, Korea South",Seosan,SEOSAN
KSM00047131,"Cheongju, Korea South",Cheongju,CHEONGJU
KSM00047132,"Anmyeondo, Korea South",Anmyeondo,ANMYEONDO
KSM00047134,"Yecheon Ab, Korea South",Yecheon Ab,YECHEON AB
KSM00047135,"Chupungnyeong, Korea South",Chupungnyeong,CHUPUNGNYEONG
KSM00047138,"Pohang, Korea South",Pohang,POHANG
KSM00047139,"Pohang Ab, Korea South",Pohang Ab,POHANG AB
KSM00047142,"Daegu Ab, Korea South",Daegu Ab,DAEGU AB
KSM00047153,"Gimhae Intl Airport, Korea South",Gimhae Intl Airport,GIMHAE INTL AIRPORT
KSM00047155,"Changwon, Korea South",Changwon,CHANGWON
KSM00047158,"Gwangju Ab, Korea South",Gwangju Ab,GWANGJU AB
KSM00047161,"Sacheon Ab, Korea South",Sacheon Ab,SACHEON AB
KSM00047169,"Heuksando, Korea South",Heuksando,HEUKSANDO
KSM00047185,"Gosan, Korea South",Gosan,GOSAN
KSM00047186,"National Typhoon Center, Korea South",National Typhoon Center,NATIONAL TYPHOON CENTER
KSM00047187,"Moesulpo Ab, Korea South",Moesulpo Ab,MOESULPO AB
KSM00047199,"Usaf-Ds3-289, Korea South",Usaf-Ds3-289,USAF-DS3-289
KSM00047230,"Deokjeokbukri, Korea South",Deokjeokbukri,DEOKJEOKBUKRI
KSXUA026870,"Usaf-Ds3-288, Korea South",Usaf-Ds3-288,USAF-DS3-288
KTM00096995,"Christmas Isl (Pvt), Christmas Island",Christmas Isl (Pvt),CHRISTMAS ISL (PVT)
KUM00040582,"Kuwait International Airpor, Kuwait",Kuwait International Airpor,KUWAIT INTERNATIONAL AIRPOR
KZM00028951,"Kostanai As, Kazakhstan",Kostanai As,KOSTANAI AS
KZM00028952,"Kostanay, Kazakhstan",Kostanay,KOSTANAY
KZM00035108,"Uralsk, Kazakhstan",Uralsk,URALSK
KZM00035188,"Celinograd, Kazakhstan",Celinograd,CELINOGRAD
KZM00035229,"Aktobe, Kazakhstan",Aktobe,AKTOBE
KZM00035361,"Amangeldy, Kazakhstan",Amangeldy,AMANGELDY
KZM00035394,"Karaganda, Kazakhstan",Karaganda,KARAGANDA
KZM00035671,"Zhezkazgan, Kazakhstan",Zhezkazgan,ZHEZKAZGAN
KZM00035700,"Atyrau, Kazakhstan",Atyrau,ATYRAU
KZM00035746,"Aralskoe More, Kazakhstan",Aralskoe More,ARALSKOE MORE
KZM00035796,"Balhash, Kazakhstan",Balhash,BALHASH
KZM00036003,"Pavlodar, Kazakhstan",Pavlodar,PAVLODAR
KZM00036177,"Semipalatinsk, Kazakhstan",Semipalatinsk,SEMIPALATINSK
KZM00036859,"Zharkent, Kazakhstan",Zharkent,ZHARKENT
KZM00036870,"Almaty Ogms, Kazakhstan",Almaty Ogms,ALMATY OGMS
KZM00036872,"Almaty As, Kazakhstan",Almaty As,ALMATY AS
KZM00038001,"Fort Shevchenko, Kazakhstan",Fort Shevchenko,FORT SHEVCHENKO
KZM00038062,"Kyzylorda, Kazakhstan",Kyzylorda,KYZYLORDA
KZM00038064,"Ams Tasboget/Kyzylorda As, Kazakhstan",Ams Tasboget,AMS TASBOGET/KYZYLORDA AS
KZM00038341,"Taraz, Kazakhstan",Taraz,TARAZ
KZM00073110,"Shearwater Ua, Ns, Kazakhstan","Shearwater Ua, Ns","SHEARWATER UA, NS"
LAM00048930,"Luang-Prabang, Laos",Luang-Prabang,LUANG-PRABANG
LAM00048940,"Vientiane, Laos",Vientiane,VIENTIANE
LAM00048947,"Savannakhet, Laos",Savannakhet,SAVANNAKHET
LAM00048955,"Pakse, Laos",Pakse,PAKSE
LEM00040100,"Rafic Hariri Intl, Lebanon",Rafic Hariri Intl,RAFIC HARIRI INTL
LGM00026406,"Liepaja, Latvia",Liepaja,LIEPAJA
LGM00026422,"Riga, Latvia",Riga,RIGA
LGM00026435,"Skriveri, Latvia",Skriveri,SKRIVERI
LHM00026629,"Kaunas (26629-0), Lithuania",Kaunas (26629-0),KAUNAS (26629-0)
LIM00065660,"Roberts Field, Liberia",Roberts Field,ROBERTS FIELD
LOM00011934,"Poprad/Tatry, Slovakia",Poprad,POPRAD/TATRY
LOM00011952,"Poprad-Ganovce, Slovakia",Poprad-Ganovce,POPRAD-GANOVCE
LQM00091385,"Palmyra Island, Palmyra Atoll",Palmyra Island,PALMYRA ISLAND
LYM00062002,"Nalut, Libya",Nalut,NALUT
LYM00062007,"Zuara, Libya",Zuara,ZUARA
LYM00062010,"Tripoli Intl Arpt, Libya",Tripoli Intl Arpt,TRIPOLI INTL ARPT
LYM00062011,"Wheelus, Libya",Wheelus,WHEELUS
LYM00062016,"Misurata, Libya",Misurata,MISURATA
LYM00062019,"Sirte, Libya",Sirte,SIRTE
LYM00062053,"Benina, Libya",Benina,BENINA
LYM00062055,"Agedabia, Libya",Agedabia,AGEDABIA
LYM00062056,"Shahat, Libya",Shahat,SHAHAT
LYM00062059,"Derna, Libya",Derna,DERNA
LYM00062062,"Tobruk, Libya",Tobruk,TOBRUK
LYM00062063,"Usaf-Ds3-459, Libya",Usaf-Ds3-459,USAF-DS3-459
LYM00062103,"Ghadames, Libya",Ghadames,GHADAMES
LYM00062120,"Gariat El-Sharghia, Libya",Gariat El-Sharghia,GARIAT EL-SHARGHIA
LYM00062124,"Sebha, Libya",Sebha,SEBHA
LYM00062131,"Hon, Libya",Hon,HON
LYM00062161,"Jalo, Libya",Jalo,JALO
LYM00062176,"Giarabub, Libya",Giarabub,GIARABUB
LYM00062259,"Tazerbo, Libya",Tazerbo,TAZERBO
LYM00062271,"Kufra, Libya",Kufra,KUFRA
MAM00067009,"Antsiranana, Madagascar",Antsiranana,ANTSIRANANA
MAM00067012,"Fascene (Nossi-Be), Madagascar",Fascene (Nossi-Be),FASCENE (NOSSI-BE)
MAM00067017,"Vohemar, Madagascar",Vohemar,VOHEMAR
MAM00067019,"Analalava, Madagascar",Analalava,ANALALAVA
MAM00067023,"Sambava, Madagascar",Sambava,SAMBAVA
MAM00067025,"Antalaha, Madagascar",Antalaha,ANTALAHA
MAM00067027,"Mahajanga, Madagascar",Mahajanga,MAHAJANGA
MAM00067072,"Sainte-Marie Aerodr, Madagascar",Sainte-Marie Aerodr,SAINTE-MARIE AERODR
MAM00067083,"Antananarivo/Ivato, Madagascar",Antananarivo,ANTANANARIVO/IVATO
MAM00067085,"Tananarive/Scm, Madagascar",Tananarive,TANANARIVE/SCM
MAM00067095,"Toamasina, Madagascar",Toamasina,TOAMASINA
MAM00067113,"Mahanoro, Madagascar",Mahanoro,MAHANORO
MAM00067117,"Morondava, Madagascar",Morondava,MORONDAVA
MAM00067131,"Morombe, Madagascar",Morombe,MOROMBE
MAM00067137,"Fianarantsoa, Madagascar",Fianarantsoa,FIANARANTSOA
MAM00067143,"Mananjary, Madagascar",Mananjary,MANANJARY
MAM00067152,"Ranohira, Madagascar",Ranohira,RANOHIRA
MAM00067157,"Farafangana, Madagascar",Farafangana,FARAFANGANA
MAM00067161,"Toliara, Madagascar",Toliara,TOLIARA
MAM00067194,"Faux-Cap, Madagascar",Faux-Cap,FAUX-CAP
MAM00067197,"Taolagnaro, Madagascar",Taolagnaro,TAOLAGNARO
MBM00078925,"Lamentin Aero, Martinique",Lamentin Aero,LAMENTIN AERO
MDM00033815,"Kisinev, Moldova",Kisinev,KISINEV
MFM00067005,"Dzaoudzi/Pamanzi, Mayotte",Dzaoudzi,DZAOUDZI/PAMANZI
MGM00044212,"Ulaangom, Mongolia",Ulaangom,ULAANGOM
MGM00044218,"Hovd, Mongolia",Hovd,HOVD
MGM00044231,"Muren, Mongolia",Muren,MUREN
MGM00044239,"Bulgan, Mongolia",Bulgan,BULGAN
MGM00044241,"Baruunharaa, Mongolia",Baruunharaa,BARUUNHARAA
MGM00044259,"Choibalsan, Mongolia",Choibalsan,CHOIBALSAN
MGM00044272,"Uliastai, Mongolia",Uliastai,ULIASTAI
MGM00044277,"Altai, Mongolia",Altai,ALTAI
MGM00044282,"Tsetserleg, Mongolia",Tsetserleg,TSETSERLEG
MGM00044288,"Arvaiheer, Mongolia",Arvaiheer,ARVAIHEER
MGM00044292,"Ulaanbaatar, Mongolia",Ulaanbaatar,ULAANBAATAR
MGM00044341,"Mandalgobi, Mongolia",Mandalgobi,MANDALGOBI
MGM00044354,"Sainshand, Mongolia",Sainshand,SAINSHAND
MGM00044373,"Dalanzadgad, Mongolia",Dalanzadgad,DALANZADGAD
MGM00044385,"Hanbogd, Mongolia",Hanbogd,HANBOGD
MIM00067423,"Karonga, Malawi",Karonga,KARONGA
MIM00067485,"Mzimba, Malawi",Mzimba,MZIMBA
MIM00067489,"Mzuzu, Malawi",Mzuzu,MZUZU
MIM00067586,"Lilongwe Intl Airpo, Malawi",Lilongwe Intl Airpo,LILONGWE INTL AIRPO
MIM00067587,"Lilongwe, Malawi",Lilongwe,LILONGWE
MIM00067597,"Salima, Malawi",Salima,SALIMA
MIM00067693,"Chileka, Malawi",Chileka,CHILEKA
MKM00013586,"Skopje- Airport, Macedonia",Skopje- Airport,SKOPJE- AIRPORT
MLM00048811,"Dien Bien, Mali",Dien Bien,DIEN BIEN
MLM00061202,"Tessalit, Mali",Tessalit,TESSALIT
MLM00061214,"Kidal, Mali",Kidal,KIDAL
MLM00061223,"Tombouctou/Timbuktu, Mali",Tombouctou,TOMBOUCTOU/TIMBUKTU
MLM00061226,"Gao, Mali",Gao,GAO
MLM00061233,"Nara, Mali",Nara,NARA
MLM00061257,"Kayes/Dag-Dag, Mali",Kayes,KAYES/DAG-DAG
MLM00061265,"Mopti, Mali",Mopti,MOPTI
MLM00061272,"Segou, Mali",Segou,SEGOU
MLM00061290,"Usaf-Ds3-454, Mali",Usaf-Ds3-454,USAF-DS3-454
MLM00061291,"Bamako/Senou, Mali",Bamako,BAMAKO/SENOU
MLXUAAW1257,"Kayes, Mali",Kayes,KAYES
MLXUAAW1265,"Mopti-Sevare, Mali",Mopti-Sevare,MOPTI-SEVARE
MLXUAAW1270,"Kita, Mali",Kita,KITA
MOM00060101,"Tanger (Aerodrome), Morocco",Tanger (Aerodrome),TANGER (AERODROME)
MOM00060107,"Al Hoceima, Morocco",Al Hoceima,AL HOCEIMA
MOM00060115,"Oujda, Morocco",Oujda,OUJDA
MOM00060119,"Kenitra Port Lyautey, Morocco",Kenitra Port Lyautey,KENITRA PORT LYAUTEY
MOM00060127,"Taza, Morocco",Taza,TAZA
MOM00060150,"Meknes, Morocco",Meknes,MEKNES
MOM00060155,"Casablanca, Morocco",Casablanca,CASABLANCA
MOM00060185,"Safi, Morocco",Safi,SAFI
MOM00060191,"Beni Mellal Sidi Jaber, Morocco",Beni Mellal Sidi Jaber,BENI MELLAL SIDI JABER
MOM00060195,"Midelt, Morocco",Midelt,MIDELT
MOM00060210,"Errachidia, Morocco",Errachidia,ERRACHIDIA
MOM00060230,"Marrakech, Morocco",Marrakech,MARRAKECH
MOM00060250,"Agadir Inezganne, Morocco",Agadir Inezganne,AGADIR INEZGANNE
MOM00060252,"Agadir Al Massira, Morocco",Agadir Al Massira,AGADIR AL MASSIRA
MOM00060253,"Taroudant, Morocco",Taroudant,TAROUDANT
MOM00060265,"Ouarzazate, Morocco",Ouarzazate,OUARZAZATE
MOXUAC00132,"Rabat, Morocco",Rabat,RABAT
MPM00061974,"Agalega, Mauritius",Agalega,AGALEGA
MPM00061986,"St. Brandon, Mauritius",St. Brandon,ST. BRANDON
MPM00061988,"Rodrigues, Mauritius",Rodrigues,RODRIGUES
MPM00061995,"Vacoas (Mauritius), Mauritius",Vacoas (Mauritius),VACOAS (MAURITIUS)
MQM00091066,"Midway Is Nas, Midway Islands",Midway Is Nas,MIDWAY IS NAS
MRM00061401,"Bir Moghrein, Mauritania",Bir Moghrein,BIR MOGHREIN
MRM00061403,"Usaf-Ds3-455, Mauritania",Usaf-Ds3-455,USAF-DS3-455
MRM00061404,"Zouerate, Mauritania",Zouerate,ZOUERATE
MRM00061415,"Nouadhibou, Mauritania",Nouadhibou,NOUADHIBOU
MRM00061421,"Atar, Mauritania",Atar,ATAR
MRM00061442,"Nouakchott / Oumtounsy, Mauritania",Nouakchott ,NOUAKCHOTT / OUMTOUNSY
MRM00061497,"Nema, Mauritania",Nema,NEMA
MRM00061498,"Kiffa, Mauritania",Kiffa,KIFFA
MRXUAAW1499,"Aioun Elatrouss, Mauritania",Aioun Elatrouss,AIOUN ELATROUSS
MTM00016597,"Luqa, Malta",Luqa,LUQA
MUM00041256,"Muscat Int'L Airport, Oman",Muscat Int'L Airport,MUSCAT INT'L AIRPORT
MUM00041288,"Masirah, Oman",Masirah,MASIRAH
MUM00041316,"Salalah Airport, Oman",Salalah Airport,SALALAH AIRPORT
MUXUAE05791,"Bait Al Falaj, Oman",Bait Al Falaj,BAIT AL FALAJ
MVM00043555,"Male, Maldives",Male,MALE
MVM00043599,"Gan, Maldives",Gan,GAN
MXM00076151,"Usaf-Ds3-598, Mexico",Usaf-Ds3-598,USAF-DS3-598
MXM00076225,"Chihuahua; Chih., Mexico",Chihuahua; Chih.,CHIHUAHUA; CHIH.
MXM00076256,"Empalme; Son., Mexico",Empalme; Son.,EMPALME; SON.
MXM00076370,"Topolobampo, Mexico",Topolobampo,TOPOLOBAMPO
MXM00076382,"Torreon Airport, Mexico",Torreon Airport,TORREON AIRPORT
MXM00076394,"Aerop.Internacional Monterr, Mexico",Aerop.Internacional Monterr,AEROP.INTERNACIONAL MONTERR
MXM00076405,"La Paz; Bcs, Mexico",La Paz; Bcs,LA PAZ; BCS
MXM00076458,"Colonia Juan Carrasco Mazat, Mexico",Colonia Juan Carrasco Mazat,COLONIA JUAN CARRASCO MAZAT
MXM00076491,"Ciudad Victoria, Mexico",Ciudad Victoria,CIUDAD VICTORIA
MXM00076526,"Zacatecas Sondeo, Mexico",Zacatecas Sondeo,ZACATECAS SONDEO
MXM00076549,"Tampico, Mexico",Tampico,TAMPICO
MXM00076595,"Cancun, Mexico",Cancun,CANCUN
MXM00076612,"Guadalajara; Jal., Mexico",Guadalajara; Jal.,GUADALAJARA; JAL.
MXM00076644,"Aerop.Internacional Merida;, Mexico",Aerop.Internacional Merida;,AEROP.INTERNACIONAL MERIDA;
MXM00076654,"Manzanillo; Col., Mexico",Manzanillo; Col.,MANZANILLO; COL.
MXM00076679,"Aerop. Internacional Mexico, Mexico",Aerop. Internacional Mexico,AEROP. INTERNACIONAL MEXICO
MXM00076692,"Hacienda Ylang Ylang Veracr, Mexico",Hacienda Ylang Ylang Veracr,HACIENDA YLANG YLANG VERACR
MXM00076713,"Cuidad Del Carmen, Mexico",Cuidad Del Carmen,CUIDAD DEL CARMEN
MXM00076723,"Isla Socorro, Mexico",Isla Socorro,ISLA SOCORRO
MXM00076743,"Villahermosa; Tab., Mexico",Villahermosa; Tab.,VILLAHERMOSA; TAB.
MXM00076805,"Acapulco; Gro., Mexico",Acapulco; Gro.,ACAPULCO; GRO.
MXM00076833,"Salina Cruz; Oax., Mexico",Salina Cruz; Oax.,SALINA CRUZ; OAX.
MXM00076903,"Tapachula; Chis, Mexico",Tapachula; Chis,TAPACHULA; CHIS
MYM00048601,"Penang/Bayan Lepas, Malaysia",Penang,PENANG/BAYAN LEPAS
MYM00048602,"Butterworth Ab, Malaysia",Butterworth Ab,BUTTERWORTH AB
MYM00048615,"Kota Bharu, Malaysia",Kota Bharu,KOTA BHARU
MYM00048620,"Perak;Sitiawan, Malaysia",Perak;Sitiawan,PERAK;SITIAWAN
MYM00048647,"Kuala Lumpur Subang, Malaysia",Kuala Lumpur Subang,KUALA LUMPUR SUBANG
MYM00048648,"Petaling Jaya, Malaysia",Petaling Jaya,PETALING JAYA
MYM00048650,"Kuala Lumpur International, Malaysia",Kuala Lumpur International,KUALA LUMPUR INTERNATIONAL
MYM00048657,"Kuantan, Malaysia",Kuantan,KUANTAN
MYM00096413,"Kuching, Malaysia",Kuching,KUCHING
MYM00096441,"Bintulu, Malaysia",Bintulu,BINTULU
MYM00096471,"Kota Kinabalu, Malaysia",Kota Kinabalu,KOTA KINABALU
MYM00096481,"Tawau, Malaysia",Tawau,TAWAU
MYM00096491,"Sandakan, Malaysia",Sandakan,SANDAKAN
MZM00067215,"Pemba, Mozambique",Pemba,PEMBA
MZM00067217,"Lichinga, Mozambique",Lichinga,LICHINGA
MZM00067237,"Nampula, Mozambique",Nampula,NAMPULA
MZM00067261,"Tete, Mozambique",Tete,TETE
MZM00067283,"Quelimane, Mozambique",Quelimane,QUELIMANE
MZM00067297,"Beira, Mozambique",Beira,BEIRA
MZM00067323,"Inhambane, Mozambique",Inhambane,INHAMBANE
MZM00067341,"Maputo/Mavalane, Mozambique",Maputo,MAPUTO/MAVALANE
MZXUAE04824,"Mossuril, Mozambique",Mossuril,MOSSURIL
MZXUAE5856A,"Lumbo, Mozambique",Lumbo,LUMBO
NCM00091577,"Koumac, New Caledonia",Koumac,KOUMAC
NCM00091582,"Ouanaham, New Caledonia",Ouanaham,OUANAHAM
NCM00091592,"Noumea (Nlle-Caledonie), New Caledonia",Noumea (Nlle-Caledonie),NOUMEA (NLLE-CALEDONIE)
NFM00094996,"Norfolk Island Aero, Norfolk Island",Norfolk Island Aero,NORFOLK ISLAND AERO
NGM00061017,"Bilma, Niger",Bilma,BILMA
NGM00061024,"Agadez, Niger",Agadez,AGADEZ
NGM00061052,"Niamey-Aero, Niger",Niamey-Aero,NIAMEY-AERO
NGM00061075,"Birni-N'Konni, Niger",Birni-N'Konni,BIRNI-N'KONNI
NGM00061080,"Maradi, Niger",Maradi,MARADI
NGM00061090,"Zinder, Niger",Zinder,ZINDER
NHM00091554,"Pekoa Airport, Vanuatu",Pekoa Airport,PEKOA AIRPORT
NHM00091557,"Bauerfield (Efate), Vanuatu",Bauerfield (Efate),BAUERFIELD (EFATE)
NHM00091558,"Usaf-Ds3-628, Vanuatu",Usaf-Ds3-628,USAF-DS3-628
NHM00091568,"Aneityum, Vanuatu",Aneityum,ANEITYUM
NIM00065046,"Kano, Nigeria",Kano,KANO
NIM00065082,"Maiduguri, Nigeria",Maiduguri,MAIDUGURI
NIM00065123,"Minna, Nigeria",Minna,MINNA
NIM00065125,"Abuja, Nigeria",Abuja,ABUJA
NIM00065201,"Lagos/Ikeja, Nigeria",Lagos,LAGOS/IKEJA
NIM00065202,"Lagos/Oshodi, Nigeria",Lagos,LAGOS/OSHODI
NIM00065257,"Enugu, Nigeria",Enugu,ENUGU
NLM00006210,"Valkenburg, Netherlands",Valkenburg,VALKENBURG
NLM00006235,"De Kooij Vk, Netherlands",De Kooij Vk,DE KOOIJ VK
NLM00006242,"Vlieland, Netherlands",Vlieland,VLIELAND
NLM00006260,"Radar 6260 [181] [Nl], Netherlands",Radar 6260 [181] [Nl],RADAR 6260 [181] [NL]
NNM00078866,"Juliana Airport; St. Maarte, Sint Maarten",Juliana Airport; St. Maarte,JULIANA AIRPORT; ST. MAARTE
NOM00001010,"Andoya, Norway",Andoya,ANDOYA
NOM00001030,"Tromso, Norway",Tromso,TROMSO
NOM00001152,"Bodo Vi, Norway",Bodo Vi,BODO VI
NOM00001206,"Radar Stad, Norway",Radar Stad,RADAR STAD
NOM00001241,"Orland Iii, Norway",Orland Iii,ORLAND III
NOM00001384,"Oslo/Gardermoen, Norway",Oslo,OSLO/GARDERMOEN
NOM00001400,"Ekofisk, Norway",Ekofisk,EKOFISK
NOM00001415,"Stavanger/Sola, Norway",Stavanger,STAVANGER/SOLA
NOM00001492,"Oslo-Blindern, Norway",Oslo-Blindern,OSLO-BLINDERN
NOXUAC04176,"Bergen, Norway",Bergen,BERGEN
NOXUAC04178,"Narvik, Norway",Narvik,NARVIK
NOXUAE05479,"Kjeller, Norway",Kjeller,KJELLER
NPM00044454,"Kathmandu Airport, Nepal",Kathmandu Airport,KATHMANDU AIRPORT
NRM00091532,"Nauru Arc-2, Nauru",Nauru Arc-2,NAURU ARC-2
NSM00081202,"Nickerie, Suriname",Nickerie,NICKERIE
NSM00081209,"Stoelmanseiland, Suriname",Stoelmanseiland,STOELMANSEILAND
NSM00081225,"Zanderij, Suriname",Zanderij,ZANDERIJ
NSM00081250,"Tafelberg, Suriname",Tafelberg,TAFELBERG
NSM00081251,"Sipaliwini, Suriname",Sipaliwini,SIPALIWINI
NSM00081253,"Coeroeni, Suriname",Coeroeni,COEROENI
NUM00078730,"Puerto Cabezas, Nicaragua",Puerto Cabezas,PUERTO CABEZAS
NUM00078741,"Managua A.C.Sandino, Nicaragua",Managua A.C.Sandino,MANAGUA A.C.SANDINO
NZM00093012,"Kaitaia, New Zealand",Kaitaia,KAITAIA
NZM00093072,"Usaf-Ds3-637, New Zealand",Usaf-Ds3-637,USAF-DS3-637
NZM00093112,"Whenuapai, New Zealand",Whenuapai,WHENUAPAI
NZM00093115,"Auckland, New Zealand",Auckland,AUCKLAND
NZM00093119,"Auckland Airport, New Zealand",Auckland Airport,AUCKLAND AIRPORT
NZM00093246,"Usaf-Ds3-638, New Zealand",Usaf-Ds3-638,USAF-DS3-638
NZM00093291,"Gisborne Aerodrome, New Zealand",Gisborne Aerodrome,GISBORNE AERODROME
NZM00093308,"New Plymouth Aerodrome, New Zealand",New Plymouth Aerodrome,NEW PLYMOUTH AERODROME
NZM00093337,"Usaf-Ds3-640, New Zealand",Usaf-Ds3-640,USAF-DS3-640
NZM00093401,"Usaf-Ds3-641, New Zealand",Usaf-Ds3-641,USAF-DS3-641
NZM00093417,"Paraparaumu Aerodrome, New Zealand",Paraparaumu Aerodrome,PARAPARAUMU AERODROME
NZM00093431,"Usaf-Ds3-642, New Zealand",Usaf-Ds3-642,USAF-DS3-642
NZM00093434,"Usaf-Ds3-643, New Zealand",Usaf-Ds3-643,USAF-DS3-643
NZM00093545,"Usaf-Ds3-644, New Zealand",Usaf-Ds3-644,USAF-DS3-644
NZM00093614,"Hokitika Aerodrome, New Zealand",Hokitika Aerodrome,HOKITIKA AERODROME
NZM00093677,"Kaikoura, New Zealand",Kaikoura,KAIKOURA
NZM00093769,"Usaf-Ds3-645, New Zealand",Usaf-Ds3-645,USAF-DS3-645
NZM00093780,"Christchurch, New Zealand",Christchurch,CHRISTCHURCH
NZM00093817,"Lauder Observatory, New Zealand",Lauder Observatory,LAUDER OBSERVATORY
NZM00093844,"Invercargill Airport, New Zealand",Invercargill Airport,INVERCARGILL AIRPORT
NZM00093890,"Usaf-Ds3-647, New Zealand",Usaf-Ds3-647,USAF-DS3-647
NZM00093944,"Usaf-Ds3-648, New Zealand",Usaf-Ds3-648,USAF-DS3-648
NZM00093986,"Chatham Island, New Zealand",Chatham Island,CHATHAM ISLAND
NZM00093997,"Raoul Island, New Zealand",Raoul Island,RAOUL ISLAND
ODM00062840,"Malkal, South Sudan",Malkal,MALKAL
ODM00062880,"Wau, South Sudan",Wau,WAU
ODM00062941,"Juba, South Sudan",Juba,JUBA
PAM00086068,"Mariscal Estigarribia, Paraguay",Mariscal Estigarribia,MARISCAL ESTIGARRIBIA
PAM00086218,"Aeropuerto Silvio Pettiross, Paraguay",Aeropuerto Silvio Pettiross,AEROPUERTO SILVIO PETTIROSS
PEM00084377,"Iquitos, Peru",Iquitos,IQUITOS
PEM00084378,"Morona, Peru",Morona,MORONA
PEM00084390,"Talara, Peru",Talara,TALARA
PEM00084401,"Piura, Peru",Piura,PIURA
PEM00084416,"Piura Grup7, Peru",Piura Grup7,PIURA GRUP7
PEM00084452,"Chiclayo, Peru",Chiclayo,CHICLAYO
PEM00084515,"Pucallpa, Peru",Pucallpa,PUCALLPA
PEM00084628,"Lima/Callao, Peru",Lima,LIMA/CALLAO
PEM00084691,"Pisco, Peru",Pisco,PISCO
PEM00084752,"Arequipa, Peru",Arequipa,AREQUIPA
PFM00048860,"Hoang Sa (Pattle), Paracel Islands",Hoang Sa (Pattle),HOANG SA (PATTLE)
PFM00059981,"Xisha Dao, Paracel Islands",Xisha Dao,XISHA DAO
PKM00041506,"Chitral, Pakistan",Chitral,CHITRAL
PKM00041515,"Drosh, Pakistan",Drosh,DROSH
PKM00041516,"Gilgit, Pakistan",Gilgit,GILGIT
PKM00041529,"Peshawar, Pakistan",Peshawar,PESHAWAR
PKM00041560,"Parachinar, Pakistan",Parachinar,PARACHINAR
PKM00041571,"Islamabad Airport, Pakistan",Islamabad Airport,ISLAMABAD AIRPORT
PKM00041594,"Sargodha, Pakistan",Sargodha,SARGODHA
PKM00041598,"Jhelum, Pakistan",Jhelum,JHELUM
PKM00041600,"Sialkot, Pakistan",Sialkot,SIALKOT
PKM00041620,"Zhob, Pakistan",Zhob,ZHOB
PKM00041624,"Dera Ismail Khan, Pakistan",Dera Ismail Khan,DERA ISMAIL KHAN
PKM00041640,"Lahore City, Pakistan",Lahore City,LAHORE CITY
PKM00041661,"Quetta (Sheikh Manda), Pakistan",Quetta (Sheikh Manda),QUETTA (SHEIKH MANDA)
PKM00041675,"Multan, Pakistan",Multan,MULTAN
PKM00041678,"Bahawalnagar, Pakistan",Bahawalnagar,BAHAWALNAGAR
PKM00041685,"Barkhan, Pakistan",Barkhan,BARKHAN
PKM00041696,"Kalat, Pakistan",Kalat,KALAT
PKM00041710,"Nokkundi, Pakistan",Nokkundi,NOKKUNDI
PKM00041712,"Dal Bandin, Pakistan",Dal Bandin,DAL BANDIN
PKM00041715,"Jacobabad, Pakistan",Jacobabad,JACOBABAD
PKM00041718,"Khanpur, Pakistan",Khanpur,KHANPUR
PKM00041739,"Panjgur, Pakistan",Panjgur,PANJGUR
PKM00041744,"Khuzdar, Pakistan",Khuzdar,KHUZDAR
PKM00041749,"Nawabshah, Pakistan",Nawabshah,NAWABSHAH
PKM00041756,"Jiwani, Pakistan",Jiwani,JIWANI
PKM00041759,"Pasni, Pakistan",Pasni,PASNI
PKM00041764,"Hyderabad, Pakistan",Hyderabad,HYDERABAD
PKM00041768,"Chhor, Pakistan",Chhor,CHHOR
PKM00041780,"Karachi Airport, Pakistan",Karachi Airport,KARACHI AIRPORT
PKXUAE05548,"Lahore, Pakistan",Lahore,LAHORE
PKXUAE05801,"Gwadar, Pakistan",Gwadar,GWADAR
PKXUAE05835,"Sukkur, Pakistan",Sukkur,SUKKUR
PLM00012105,"Koszalin, Poland",Koszalin,KOSZALIN
PLM00012120,"Leba, Poland",Leba,LEBA
PLM00012330,"Poznan, Poland",Poznan,POZNAN
PLM00012374,"Legionowo, Poland",Legionowo,LEGIONOWO
PLM00012375,"Warszawa, Poland",Warszawa,WARSZAWA
PLM00012425,"Wroclaw-Starachowice, Poland",Wroclaw-Starachowice,WROCLAW-STARACHOWICE
PLM00012575,"Tarnow, Poland",Tarnow,TARNOW
PLXUAC03751,"Mielec, Poland",Mielec,MIELEC
PLXUAE05764,"Wroclaw, Poland",Wroclaw,WROCLAW
PMM00078801,"Usaf-Ds3-601, Panama",Usaf-Ds3-601,USAF-DS3-601
PMM00078807,"Corozal Oeste, Panama",Corozal Oeste,COROZAL OESTE
POM00008507,"Graciosa/Aerodromo, Portugal",Graciosa,GRACIOSA/AERODROMO
POM00008508,"Lajes (Acores) (8508-0), Portugal",Lajes (Acores) (8508-0),LAJES (ACORES) (8508-0)
POM00008522,"Funchal, Portugal",Funchal,FUNCHAL
POM00008535,"Lisboa/Geofisico, Portugal",Lisboa,LISBOA/GEOFISICO
POM00008536,"Lisboa/Portela, Portugal",Lisboa,LISBOA/PORTELA
POM00008545,"Porto/Pedras Rubras, Portugal",Porto,PORTO/PEDRAS RUBRAS
POM00008549,"Coimbra, Portugal",Coimbra,COIMBRA
POM00008554,"Faro/Aeroporto, Portugal",Faro,FARO/AEROPORTO
PPM00092035,"Port Moresby W.O., Papua New Guinea",Port Moresby W.O.,PORT MORESBY W.O.
PPM00092044,"Momote W.O., Papua New Guinea",Momote W.O.,MOMOTE W.O.
PPM00094014,"Usaf-Ds3-650, Papua New Guinea",Usaf-Ds3-650,USAF-DS3-650
PPM00094027,"Usaf-Ds3-652, Papua New Guinea",Usaf-Ds3-652,USAF-DS3-652
PPM00094047,"Usaf-Ds3-655, Papua New Guinea",Usaf-Ds3-655,USAF-DS3-655
PPM00094076,"Usaf-Ds3-656, Papua New Guinea",Usaf-Ds3-656,USAF-DS3-656
PPM00094085,"Usaf-Ds3-657, Papua New Guinea",Usaf-Ds3-657,USAF-DS3-657
PPM00094087,"Usaf-Ds3-658, Papua New Guinea",Usaf-Ds3-658,USAF-DS3-658
PSM00091408,"Koror/Caroline Is., Palau",Koror,KOROR/CAROLINE IS.
PUM00061766,"Bissau, Guinea-Bissau",Bissau,BISSAU
QAM00041169,"Hamad International Airport, Qatar",Hamad International Airport,HAMAD INTERNATIONAL AIRPORT
REM00061980,"Saint-Denis/Gillot (Reunion, Reunion",Saint-Denis,SAINT-DENIS/GILLOT (REUNION
REM00061984,"St. Pierre/Fonds, Reunion",St. Pierre,ST. PIERRE/FONDS
RIM00013275,"Beograd/Kosutnjak, Serbia",Beograd,BEOGRAD/KOSUTNJAK
RIM00013276,"Beograd/Seleno Brd, Serbia",Beograd,BEOGRAD/SELENO BRD
RIM00013295,"Negotin, Serbia",Negotin,NEGOTIN
RIM00013369,"Sjenica, Serbia",Sjenica,SJENICA
RIM00013388,"Nis, Serbia",Nis,NIS
RMM00091250,"Enewetak, Marshall Islands",Enewetak,ENEWETAK
RMM00091254,"Bikini, Marshall Islands",Bikini,BIKINI
RMM00091258,"Utirik Atoll M.Isl, Marshall Islands",Utirik Atoll M.Isl,UTIRIK ATOLL M.ISL
RMM00091366,"Kwajalein/Bucholz Aaf; Mars, Marshall Islands",Kwajalein,KWAJALEIN/BUCHOLZ AAF; MARS
RMM00091369,"Jaluit Atoll, Marshall Islands",Jaluit Atoll,JALUIT ATOLL
RMM00091371,"Wotje Atoll, Marshall Islands",Wotje Atoll,WOTJE ATOLL
RMM00091376,"Majuro/Marshall Is. Intnl., Marshall Islands",Majuro,MAJURO/MARSHALL IS. INTNL.
RMXUA912505,"Rongerik, Marshall Islands",Rongerik,RONGERIK
ROM00015010,"Satu Mare, Romania",Satu Mare,SATU MARE
ROM00015014,"Baia Mare, Romania",Baia Mare,BAIA MARE
ROM00015023,"Suceava, Romania",Suceava,SUCEAVA
ROM00015080,"Oradea, Romania",Oradea,ORADEA
ROM00015090,"Iasi, Romania",Iasi,IASI
ROM00015120,"Cluj-Napoca, Romania",Cluj-Napoca,CLUJ-NAPOCA
ROM00015145,"Tg. Mures, Romania",Tg. Mures,TG. MURES
ROM00015150,"Bacau, Romania",Bacau,BACAU
ROM00015200,"Arad, Romania",Arad,ARAD
ROM00015230,"Deva, Romania",Deva,DEVA
ROM00015235,"Fagaras, Romania",Fagaras,FAGARAS
ROM00015247,"Timisoara, Romania",Timisoara,TIMISOARA
ROM00015260,"Sibiu, Romania",Sibiu,SIBIU
ROM00015300,"Brasov-Ghimbav, Romania",Brasov-Ghimbav,BRASOV-GHIMBAV
ROM00015302,"Predeal, Romania",Predeal,PREDEAL
ROM00015310,"Galati, Romania",Galati,GALATI
ROM00015350,"Buzau, Romania",Buzau,BUZAU
ROM00015360,"Sulina, Romania",Sulina,SULINA
ROM00015410,"Drobeta Turnu Sever, Romania",Drobeta Turnu Sever,DROBETA TURNU SEVER
ROM00015420,"Bucuresti Baneasa, Romania",Bucuresti Baneasa,BUCURESTI BANEASA
ROM00015450,"Craiova, Romania",Craiova,CRAIOVA
ROM00015480,"Constanta, Romania",Constanta,CONSTANTA
ROM00015490,"Tr. Magurele, Romania",Tr. Magurele,TR. MAGURELE
RPM00098135,"Basco, Philippines",Basco,BASCO
RPM00098223,"Laoag, Philippines",Laoag,LAOAG
RPM00098233,"Tuguegarao, Philippines",Tuguegarao,TUGUEGARAO
RPM00098322,"Crow Valley Gunnery, Philippines",Crow Valley Gunnery,CROW VALLEY GUNNERY
RPM00098327,"Clark Ab, Philippines",Clark Ab,CLARK AB
RPM00098328,"Baguio, Philippines",Baguio,BAGUIO
RPM00098426,"Subic Bay Weather, Philippines",Subic Bay Weather,SUBIC BAY WEATHER
RPM00098433,"Tanay, Philippines",Tanay,TANAY
RPM00098444,"Legaspi, Philippines",Legaspi,LEGASPI
RPM00098558,"Guiuan, Philippines",Guiuan,GUIUAN
RPM00098618,"Puerto Princesa, Philippines",Puerto Princesa,PUERTO PRINCESA
RPM00098630,"Cuyo, Philippines",Cuyo,CUYO
RPM00098645,"Lahug, Philippines",Lahug,LAHUG
RPM00098646,"Mactan, Philippines",Mactan,MACTAN
RPM00098653,"Surigao, Philippines",Surigao,SURIGAO
RPM00098747,"Lumbia Airport, Philippines",Lumbia Airport,LUMBIA AIRPORT
RPM00098753,"Davao Airport, Philippines",Davao Airport,DAVAO AIRPORT
RPM00098754,"Usaf-Ds3-676, Philippines",Usaf-Ds3-676,USAF-DS3-676
RPM00098836,"Zamboanga, Philippines",Zamboanga,ZAMBOANGA
RQM00078526,"Pr San Juan/Int.; Puerto Rico, Puerto Rico",Pr San Juan,PR SAN JUAN/INT.; PUERTO RICO
RQW00011603,"Pr Aguadilla Ramey Afb, Puerto Rico",Pr Aguadilla Ramey Afb,PR AGUADILLA RAMEY AFB
RQW00011607,"Pr Ponce Losey Field, Puerto Rico",Pr Ponce Losey Field,PR PONCE LOSEY FIELD
RQW00011611,"Pr Mayaguez, Puerto Rico",Pr Mayaguez,PR MAYAGUEZ
RSM00020046,"Polargmo Im. E.T. Krenkelja, Russia",Polargmo Im. E.T. Krenkelja,POLARGMO IM. E.T. KRENKELJA
RSM00020047,"Bukhta Tikhaya/Guker Is., Russia",Bukhta Tikhaya,BUKHTA TIKHAYA/GUKER IS.
RSM00020069,"Ostrov Vize, Russia",Ostrov Vize,OSTROV VIZE
RSM00020274,"Ostrov Uedinenia, Russia",Ostrov Uedinenia,OSTROV UEDINENIA
RSM00020292,"Gmo Im.E.K. Fedorova, Russia",Gmo Im.E.K. Fedorova,GMO IM.E.K. FEDOROVA
RSM00020353,"Mys Zhelania, Russia",Mys Zhelania,MYS ZHELANIA
RSM00020357,"Russkaja Gavan, Russia",Russkaja Gavan,RUSSKAJA GAVAN
RSM00020667,"Im Popova, Russia",Im Popova,IM POPOVA
RSM00020674,"Ostrov Dikson, Russia",Ostrov Dikson,OSTROV DIKSON
RSM00020744,"Malye Karmakuly (20744-0), Russia",Malye Karmakuly (20744-0),MALYE KARMAKULY (20744-0)
RSM00020891,"Hatanga, Russia",Hatanga,HATANGA
RSM00021358,"Ostrov Zohova, Russia",Ostrov Zohova,OSTROV ZOHOVA
RSM00021432,"Ostrov Kotelnyj, Russia",Ostrov Kotelnyj,OSTROV KOTELNYJ
RSM00021504,"Ostrov Preobrazhenia, Russia",Ostrov Preobrazhenia,OSTROV PREOBRAZHENIA
RSM00021647,"Usaf-Ds3-167, Russia",Usaf-Ds3-167,USAF-DS3-167
RSM00021824,"Tiksi, Russia",Tiksi,TIKSI
RSM00021946,"Chokurdah, Russia",Chokurdah,CHOKURDAH
RSM00021965,"Ostrov Chetyrekhstolbo, Russia",Ostrov Chetyrekhstolbo,OSTROV CHETYREKHSTOLBO
RSM00021982,"Ostrov Vrangelya, Russia",Ostrov Vrangelya,OSTROV VRANGELYA
RSM00022008,"Murmansk (Rs), Russia",Murmansk (Rs),MURMANSK (RS)
RSM00022165,"Kanin Nos, Russia",Kanin Nos,KANIN NOS
RSM00022217,"Kandalaksha, Russia",Kandalaksha,KANDALAKSHA
RSM00022271,"Shojna, Russia",Shojna,SHOJNA
RSM00022522,"Kem, Russia",Kem,KEM
RSM00022543,"Arhangel'Sk (22543-0), Russia",Arhangel'Sk (22543-0),ARHANGEL'SK (22543-0)
RSM00022550,"Arhangel'Sk (22550-0), Russia",Arhangel'Sk (22550-0),ARHANGEL'SK (22550-0)
RSM00022768,"Senkursk, Russia",Senkursk,SENKURSK
RSM00022802,"Sortavala, Russia",Sortavala,SORTAVALA
RSM00022820,"Petrozavodsk, Russia",Petrozavodsk,PETROZAVODSK
RSM00022845,"Kargopol, Russia",Kargopol,KARGOPOL
RSM00023022,"Amderma, Russia",Amderma,AMDERMA
RSM00023074,"Dudinka, Russia",Dudinka,DUDINKA
RSM00023078,"Noril'Sk, Russia",Noril'Sk,NORIL'SK
RSM00023146,"Mys Kamenny, Russia",Mys Kamenny,MYS KAMENNY
RSM00023205,"Nar'Jan-Mar, Russia",Nar'Jan-Mar,NAR'JAN-MAR
RSM00023274,"Igarka, Russia",Igarka,IGARKA
RSM00023330,"Salehard, Russia",Salehard,SALEHARD
RSM00023415,"Pechora (23415-0), Russia",Pechora (23415-0),PECHORA (23415-0)
RSM00023472,"Turuhansk, Russia",Turuhansk,TURUHANSK
RSM00023552,"Tarko-Sale, Russia",Tarko-Sale,TARKO-SALE
RSM00023802,"Syktyvkar (23802-0), Russia",Syktyvkar (23802-0),SYKTYVKAR (23802-0)
RSM00023884,"Bor, Russia",Bor,BOR
RSM00023921,"Ivdel, Russia",Ivdel,IVDEL
RSM00023933,"Hanty-Mansijsk, Russia",Hanty-Mansijsk,HANTY-MANSIJSK
RSM00023955,"Aleksandrovskoe, Russia",Aleksandrovskoe,ALEKSANDROVSKOE
RSM00024122,"Olenek (Rs), Russia",Olenek (Rs),OLENEK (RS)
RSM00024125,"Olenek (24125-0), Russia",Olenek (24125-0),OLENEK (24125-0)
RSM00024266,"Verhojansk, Russia",Verhojansk,VERHOJANSK
RSM00024343,"Zhigansk, Russia",Zhigansk,ZHIGANSK
RSM00024507,"Tura (24507-0), Russia",Tura (24507-0),TURA (24507-0)
RSM00024641,"Viljujsk, Russia",Viljujsk,VILJUJSK
RSM00024688,"Ojmjakon, Russia",Ojmjakon,OJMJAKON
RSM00024726,"Mirnvy, Russia",Mirnvy,MIRNVY
RSM00024790,"Susuman, Russia",Susuman,SUSUMAN
RSM00024793,"Shturmovoy, Russia",Shturmovoy,SHTURMOVOY
RSM00024817,"Erbogacen, Russia",Erbogacen,ERBOGACEN
RSM00024908,"Vanavara, Russia",Vanavara,VANAVARA
RSM00024944,"Olekminsk (24944-0), Russia",Olekminsk (24944-0),OLEKMINSK (24944-0)
RSM00024947,"Olekminsk (Rs), Russia",Olekminsk (Rs),OLEKMINSK (RS)
RSM00024959,"Jakutsk, Russia",Jakutsk,JAKUTSK
RSM00025042,"Ajon Island, Russia",Ajon Island,AJON ISLAND
RSM00025123,"Cherskij, Russia",Cherskij,CHERSKIJ
RSM00025173,"Mys Shmidta, Russia",Mys Shmidta,MYS SHMIDTA
RSM00025399,"Mys Uelen, Russia",Mys Uelen,MYS UELEN
RSM00025400,"Zyryanka (25400-0), Russia",Zyryanka (25400-0),ZYRYANKA (25400-0)
RSM00025403,"Zyryanka (Rs), Russia",Zyryanka (Rs),ZYRYANKA (RS)
RSM00025428,"Omolon, Russia",Omolon,OMOLON
RSM00025551,"Markovo, Russia",Markovo,MARKOVO
RSM00025563,"Anadyr, Russia",Anadyr,ANADYR
RSM00025594,"Buhta Providenja, Russia",Buhta Providenja,BUHTA PROVIDENJA
RSM00025677,"Beringovskaja, Russia",Beringovskaja,BERINGOVSKAJA
RSM00025703,"Sejmchan, Russia",Sejmchan,SEJMCHAN
RSM00025822,"Giziga, Russia",Giziga,GIZIGA
RSM00025913,"Magadan, Russia",Magadan,MAGADAN
RSM00025954,"Korf, Russia",Korf,KORF
RSM00026063,"St.Petersburg (Voejkovo) (2, Russia",St.Petersburg (Voejkovo) (2,ST.PETERSBURG (VOEJKOVO) (2
RSM00026065,"Leningrad/Chosseynor, Russia",Leningrad,LENINGRAD/CHOSSEYNOR
RSM00026075,"St.Petersburg (Voejkovo) (R, Russia",St.Petersburg (Voejkovo) (R,ST.PETERSBURG (VOEJKOVO) (R
RSM00026258,"Pskov, Russia",Pskov,PSKOV
RSM00026298,"Bologoe, Russia",Bologoe,BOLOGOE
RSM00026477,"Velikie Luki, Russia",Velikie Luki,VELIKIE LUKI
RSM00026702,"Kaliningrad, Russia",Kaliningrad,KALININGRAD
RSM00026708,"Kaliningrad (Nizov'E), Russia",Kaliningrad (Nizov'E),KALININGRAD (NIZOV'E)
RSM00026781,"Smolensk, Russia",Smolensk,SMOLENSK
RSM00027038,"Vologda (27038-0), Russia",Vologda (27038-0),VOLOGDA (27038-0)
RSM00027199,"Kirov (27199-0), Russia",Kirov (27199-0),KIROV (27199-0)
RSM00027331,"Jaroslavl, Russia",Jaroslavl,JAROSLAVL
RSM00027459,"Niznij Novgorod, Russia",Niznij Novgorod,NIZNIJ NOVGOROD
RSM00027594,"Kazan'(Vyazovye), Russia",Kazan'(Vyazovye),KAZAN'(VYAZOVYE)
RSM00027595,"Kazan' (27595-0), Russia",Kazan' (27595-0),KAZAN' (27595-0)
RSM00027707,"Suhinichi, Russia",Suhinichi,SUHINICHI
RSM00027713,"Moskva (Dolgoprudnyj) (Rs), Russia",Moskva (Dolgoprudnyj) (Rs),MOSKVA (DOLGOPRUDNYJ) (RS)
RSM00027730,"Ryazan, Russia",Ryazan,RYAZAN
RSM00027944,"Tambov, Russia",Tambov,TAMBOV
RSM00027962,"Penza, Russia",Penza,PENZA
RSM00027995,"Samara (Bezenchuk), Russia",Samara (Bezenchuk),SAMARA (BEZENCHUK)
RSM00028225,"Perm' (28225-1), Russia",Perm' (28225-1),PERM' (28225-1)
RSM00028275,"Tobol'Sk, Russia",Tobol'Sk,TOBOL'SK
RSM00028445,"Ekaterinburg (Verhnee Dubro, Russia",Ekaterinburg (Verhnee Dubro,EKATERINBURG (VERHNEE DUBRO
RSM00028661,"Kurgan, Russia",Kurgan,KURGAN
RSM00028695,"Omsk (Rs), Russia",Omsk (Rs),OMSK (RS)
RSM00028698,"Omsk (28698-0), Russia",Omsk (28698-0),OMSK (28698-0)
RSM00028722,"Ufa-Dioma, Russia",Ufa-Dioma,UFA-DIOMA
RSM00028900,"Samara, Russia",Samara,SAMARA
RSM00029231,"Kolpasevo, Russia",Kolpasevo,KOLPASEVO
RSM00029263,"Enisejsk, Russia",Enisejsk,ENISEJSK
RSM00029282,"Bogucany, Russia",Bogucany,BOGUCANY
RSM00029572,"Emel' Yanovo, Russia",Emel' Yanovo,EMEL' YANOVO
RSM00029574,"Usaf-Ds3-192, Russia",Usaf-Ds3-192,USAF-DS3-192
RSM00029612,"Barabinsk, Russia",Barabinsk,BARABINSK
RSM00029634,"Novosibirsk, Russia",Novosibirsk,NOVOSIBIRSK
RSM00029698,"Nizhneudinsk, Russia",Nizhneudinsk,NIZHNEUDINSK
RSM00029839,"Barnaul (29839-0), Russia",Barnaul (29839-0),BARNAUL (29839-0)
RSM00029846,"Abagur, Russia",Abagur,ABAGUR
RSM00029862,"Abakan, Russia",Abakan,ABAKAN
RSM00030054,"Vitim, Russia",Vitim,VITIM
RSM00030230,"Kirensk, Russia",Kirensk,KIRENSK
RSM00030309,"Bratsk, Russia",Bratsk,BRATSK
RSM00030372,"Chara, Russia",Chara,CHARA
RSM00030521,"Zhigalovo, Russia",Zhigalovo,ZHIGALOVO
RSM00030557,"Bagdarin (Rs), Russia",Bagdarin (Rs),BAGDARIN (RS)
RSM00030635,"Ust'-Barguzin, Russia",Ust'-Barguzin,UST'-BARGUZIN
RSM00030636,"Barguzin, Russia",Barguzin,BARGUZIN
RSM00030673,"Mogocha, Russia",Mogocha,MOGOCHA
RSM00030692,"Skovorodino, Russia",Skovorodino,SKOVORODINO
RSM00030710,"Irkutsk, Russia",Irkutsk,IRKUTSK
RSM00030715,"Angarsk, Russia",Angarsk,ANGARSK
RSM00030758,"Chita, Russia",Chita,CHITA
RSM00030935,"Krasnyj Chikoj, Russia",Krasnyj Chikoj,KRASNYJ CHIKOJ
RSM00030965,"Borzya, Russia",Borzya,BORZYA
RSM00031004,"Aldan, Russia",Aldan,ALDAN
RSM00031088,"Ohotsk, Russia",Ohotsk,OHOTSK
RSM00031168,"Ayan, Russia",Ayan,AYAN
RSM00031300,"Zeja, Russia",Zeja,ZEJA
RSM00031329,"Ekimchan, Russia",Ekimchan,EKIMCHAN
RSM00031369,"Nikolaevsk-Na-Amure, Russia",Nikolaevsk-Na-Amure,NIKOLAEVSK-NA-AMURE
RSM00031510,"Blagovescetnsk, Russia",Blagovescetnsk,BLAGOVESCETNSK
RSM00031538,"Sutur, Russia",Sutur,SUTUR
RSM00031561,"Komsomolsk-On-Amur, Russia",Komsomolsk-On-Amur,KOMSOMOLSK-ON-AMUR
RSM00031707,"Ekaterino-Nikolskoe, Russia",Ekaterino-Nikolskoe,EKATERINO-NIKOLSKOE
RSM00031736,"Habarovsk (31736-0), Russia",Habarovsk (31736-0),HABAROVSK (31736-0)
RSM00031770,"Sovetskaya Gavan, Russia",Sovetskaya Gavan,SOVETSKAYA GAVAN
RSM00031873,"Dal'Nerechensk, Russia",Dal'Nerechensk,DAL'NERECHENSK
RSM00031909,"Ternej, Russia",Ternej,TERNEJ
RSM00031977,"Vladivostok (Sad Gorod), Russia",Vladivostok (Sad Gorod),VLADIVOSTOK (SAD GOROD)
RSM00032061,"Aleksandrovsk-Sahalinskij, Russia",Aleksandrovsk-Sahalinskij,ALEKSANDROVSK-SAHALINSKIJ
RSM00032098,"Poronajsk, Russia",Poronajsk,PORONAJSK
RSM00032099,"M. Terpeniya (Fl), Russia",M. Terpeniya (Fl),M. TERPENIYA (FL)
RSM00032150,"Juzhno-Sahalinsk, Russia",Juzhno-Sahalinsk,JUZHNO-SAHALINSK
RSM00032165,"Juzhno-Kurilsk, Russia",Juzhno-Kurilsk,JUZHNO-KURILSK
RSM00032186,"Usaf-Ds3-216, Russia",Usaf-Ds3-216,USAF-DS3-216
RSM00032195,"Simusir, Russia",Simusir,SIMUSIR
RSM00032215,"Severo-Kuril'Sk, Russia",Severo-Kuril'Sk,SEVERO-KURIL'SK
RSM00032217,"Usaf-Ds3-217, Russia",Usaf-Ds3-217,USAF-DS3-217
RSM00032389,"Kljuchi, Russia",Kljuchi,KLJUCHI
RSM00032477,"Sobolevo, Russia",Sobolevo,SOBOLEVO
RSM00032540,"Petropavlovsk-Kamchatskij, Russia",Petropavlovsk-Kamchatskij,PETROPAVLOVSK-KAMCHATSKIJ
RSM00032618,"Ostrov Beringa, Russia",Ostrov Beringa,OSTROV BERINGA
RSM00034009,"Kursk, Russia",Kursk,KURSK
RSM00034122,"Voronez (34122-0), Russia",Voronez (34122-0),VORONEZ (34122-0)
RSM00034139,"Kamennaya Step No2, Russia",Kamennaya Step No2,KAMENNAYA STEP NO2
RSM00034172,"Saratov (34170-1), Russia",Saratov (34170-1),SARATOV (34170-1)
RSM00034247,"Kalach, Russia",Kalach,KALACH
RSM00034467,"Volgograd (34467-1), Russia",Volgograd (34467-1),VOLGOGRAD (34467-1)
RSM00034731,"Rostov-Na-Donu (34731-1), Russia",Rostov-Na-Donu (34731-1),ROSTOV-NA-DONU (34731-1)
RSM00034858,"Divnoe, Russia",Divnoe,DIVNOE
RSM00034866,"Yashkul, Russia",Yashkul,YASHKUL
RSM00034882,"Astrahan' (34882-1), Russia",Astrahan' (34882-1),ASTRAHAN' (34882-1)
RSM00035121,"Orenburg, Russia",Orenburg,ORENBURG
RSM00036096,"Kyzyl, Russia",Kyzyl,KYZYL
RSM00036259,"Kos-Agac, Russia",Kos-Agac,KOS-AGAC
RSM00037011,"Tuapse (37011-1), Russia",Tuapse (37011-1),TUAPSE (37011-1)
RSM00037050,"Pjatigorsk, Russia",Pjatigorsk,PJATIGORSK
RSM00037055,"Mineral'Nye Vody (37055-1), Russia",Mineral'Nye Vody (37055-1),MINERAL'NYE VODY (37055-1)
RSM00037099,"Sochi, Russia",Sochi,SOCHI
RSM00037259,"Mahachkala, Russia",Mahachkala,MAHACHKALA
RSXUAC00073,"Slutsk, Russia",Slutsk,SLUTSK
RSXUAC00075,"Swerdlowsk, Russia",Swerdlowsk,SWERDLOWSK
RSXUAE04636,"Nikolaevka, Russia",Nikolaevka,NIKOLAEVKA
RSXUAE04778,"Mys Cheliuskina, Russia",Mys Cheliuskina,MYS CHELIUSKINA
SAM00040373,"Al Qaisumah Airport, Saudi Arabia",Al Qaisumah Airport,AL QAISUMAH AIRPORT
SAM00040375,"Tabuk Airport, Saudi Arabia",Tabuk Airport,TABUK AIRPORT
SAM00040394,"Hail Airport, Saudi Arabia",Hail Airport,HAIL AIRPORT
SAM00040400,"Al-Wejh, Saudi Arabia",Al-Wejh,AL-WEJH
SAM00040416,"Dhahran, Saudi Arabia",Dhahran,DHAHRAN
SAM00040417,"King Fahd Airport, Saudi Arabia",King Fahd Airport,KING FAHD AIRPORT
SAM00040430,"Al Madina Airport, Saudi Arabia",Al Madina Airport,AL MADINA AIRPORT
SAM00040437,"Riyadh/King Khalid, Saudi Arabia",Riyadh,RIYADH/KING KHALID
SAM00040438,"Riyadh Obs., Saudi Arabia",Riyadh Obs.,RIYADH OBS.
SAM00040476,"Usaf-Ds3-251, Saudi Arabia",Usaf-Ds3-251,USAF-DS3-251
SAM00040495,"Usaf-Ds3-254, Saudi Arabia",Usaf-Ds3-254,USAF-DS3-254
SAM00041024,"King Abdulaziz Airport, Saudi Arabia",King Abdulaziz Airport,KING ABDULAZIZ AIRPORT
SAM00041112,"Abha, Saudi Arabia",Abha,ABHA
SAM00041114,"Khamis Mushait, Saudi Arabia",Khamis Mushait,KHAMIS MUSHAIT
SAM00041140,"Gizan, Saudi Arabia",Gizan,GIZAN
SBM00071805,"Saint-Pierre, Saint Pierre and Miquelon",Saint-Pierre,SAINT-PIERRE
SEM00063985,"Seychelles Inter. Airport, Seychelles",Seychelles Inter. Airport,SEYCHELLES INTER. AIRPORT
SEM00063995,"Aldabra, Seychelles",Aldabra,ALDABRA
SFM00068174,"Pietersburg (Saaf), South Africa",Pietersburg (Saaf),PIETERSBURG (SAAF)
SFM00068242,"Mafikeng Wo, South Africa",Mafikeng Wo,MAFIKENG WO
SFM00068262,"Pretoria-Eendracht, South Africa",Pretoria-Eendracht,PRETORIA-EENDRACHT
SFM00068263,"Pretoria (Irene), South Africa",Pretoria (Irene),PRETORIA (IRENE)
SFM00068351,"Usaf-Ds3-475, South Africa",Usaf-Ds3-475,USAF-DS3-475
SFM00068406,"Usaf-Ds3-477, South Africa",Usaf-Ds3-477,USAF-DS3-477
SFM00068424,"Upington, South Africa",Upington,UPINGTON
SFM00068438,"Kimberley, South Africa",Kimberley,KIMBERLEY
SFM00068442,"Bloemfontein Airport, South Africa",Bloemfontein Airport,BLOEMFONTEIN AIRPORT
SFM00068461,"Bethlehem Airport, South Africa",Bethlehem Airport,BETHLEHEM AIRPORT
SFM00068462,"Usaf-Ds3-478, South Africa",Usaf-Ds3-478,USAF-DS3-478
SFM00068476,"Usaf-Ds3-479, South Africa",Usaf-Ds3-479,USAF-DS3-479
SFM00068512,"Springbok, South Africa",Springbok,SPRINGBOK
SFM00068538,"De Aar, South Africa",De Aar,DE AAR
SFM00068588,"Durban/Louis Botha, South Africa",Durban,DURBAN/LOUIS BOTHA
SFM00068592,"King Shaka Int'L Airport, South Africa",King Shaka Int'L Airport,KING SHAKA INT'L AIRPORT
SFM00068728,"Usaf-Ds3-483, South Africa",Usaf-Ds3-483,USAF-DS3-483
SFM00068816,"Cape Town Intnl. Airport, South Africa",Cape Town Intnl. Airport,CAPE TOWN INTNL. AIRPORT
SFM00068828,"George Airport, South Africa",George Airport,GEORGE AIRPORT
SFM00068842,"Port Elizabeth, South Africa",Port Elizabeth,PORT ELIZABETH
SFM00068858,"East London, South Africa",East London,EAST LONDON
SFM00068994,"Marion Island, South Africa",Marion Island,MARION ISLAND
SGM00061600,"Saint-Louis, Senegal",Saint-Louis,SAINT-LOUIS
SGM00061641,"Dakar/Yoff, Senegal",Dakar,DAKAR/YOFF
SGM00061660,"Dakar-Diass-Aibd, Senegal",Dakar-Diass-Aibd,DAKAR-DIASS-AIBD
SGM00061687,"Tambacounda, Senegal",Tambacounda,TAMBACOUNDA
SGM00061695,"Ziguinchor, Senegal",Ziguinchor,ZIGUINCHOR
SGXUAAWO067,"Thies, Senegal",Thies,THIES
SHM00061901,"St. Helena Is., Saint Helena",St. Helena Is.,ST. HELENA IS.
SHM00061902,"Wide Awake Field, Saint Helena",Wide Awake Field,WIDE AWAKE FIELD
SHM00068906,"Gough Island, Saint Helena",Gough Island,GOUGH ISLAND
SIM00014015,"Ljubljana/Bezigrad, Slovenia",Ljubljana,LJUBLJANA/BEZIGRAD
SLM00061856,"Lungi, Sierra Leone",Lungi,LUNGI
SNM00048698,"Singapore/Changi Airport, Singapore",Singapore,SINGAPORE/CHANGI AIRPORT
SPM00008001,"La Coruna, Spain",La Coruna,LA CORUNA
SPM00008023,"Santander, Spain",Santander,SANTANDER
SPM00008055,"Leon/Virgen Del Cam, Spain",Leon,LEON/VIRGEN DEL CAM
SPM00008084,"Logrono/Agoncillo, Spain",Logrono,LOGRONO/AGONCILLO
SPM00008087,"Bardenas Reales, Spain",Bardenas Reales,BARDENAS REALES
SPM00008140,"Valladolid/Villanub, Spain",Valladolid,VALLADOLID/VILLANUB
SPM00008160,"Zaragoza/Aeropuerto, Spain",Zaragoza,ZARAGOZA/AEROPUERTO
SPM00008190,"Barcelona Servei, Spain",Barcelona Servei,BARCELONA SERVEI
SPM00008202,"Salamanca/Matacan, Spain",Salamanca,SALAMANCA/MATACAN
SPM00008221,"Madrid/Barajas, Spain",Madrid,MADRID/BARAJAS
SPM00008301,"Palma De Mallorca, Spain",Palma De Mallorca,PALMA DE MALLORCA
SPM00008302,"Mallorca-Son Bonet, Spain",Mallorca-Son Bonet,MALLORCA-SON BONET
SPM00008314,"Menorca/Mahon, Spain",Menorca,MENORCA/MAHON
SPM00008383,"Huelva, Spain",Huelva,HUELVA
SPM00008430,"Murcia, Spain",Murcia,MURCIA
SPM00008433,"Murcia/San Javier, Spain",Murcia,MURCIA/SAN JAVIER
SPM00060018,"Tenerife-Guimar, Spain",Tenerife-Guimar,TENERIFE-GUIMAR
SPM00060020,"Sta. Cruz De Teneri, Spain",Sta. Cruz De Teneri,STA. CRUZ DE TENERI
STM00078949,"Vieux Fort, Saint Lucia",Vieux Fort,VIEUX FORT
SUM00062600,"Wadi Halfa, Sudan",Wadi Halfa,WADI HALFA
SUM00062640,"Abu Hamed, Sudan",Abu Hamed,ABU HAMED
SUM00062641,"Port Sudan, Sudan",Port Sudan,PORT SUDAN
SUM00062650,"Dongola, Sudan",Dongola,DONGOLA
SUM00062660,"Karima, Sudan",Karima,KARIMA
SUM00062680,"Atbara, Sudan",Atbara,ATBARA
SUM00062721,"Khartoum, Sudan",Khartoum,KHARTOUM
SUM00062730,"Kassala, Sudan",Kassala,KASSALA
SUM00062751,"Wad Medani, Sudan",Wad Medani,WAD MEDANI
SUM00062752,"Gedaref, Sudan",Gedaref,GEDAREF
SUM00062760,"El Fasher, Sudan",El Fasher,EL FASHER
SUM00062770,"Genina, Sudan",Genina,GENINA
SUM00062771,"El Obeid, Sudan",El Obeid,EL OBEID
SUM00062772,"Aroma, Sudan",Aroma,AROMA
SUM00062781,"En Nahud, Sudan",En Nahud,EN NAHUD
SUM00062805,"Damazine, Sudan",Damazine,DAMAZINE
SUXUAE04936,"Al-Khartum, Sudan",Al-Khartum,AL-KHARTUM
SVM00001004,"Ny-Alesund Ii, Svalbard",Ny-Alesund Ii,NY-ALESUND II
SVM00001028,"Bjornoya, Svalbard",Bjornoya,BJORNOYA
SVM00020107,"Barentsburg, Svalbard",Barentsburg,BARENTSBURG
SWM00002084,"Usaf-Ds3-010, Sweden",Usaf-Ds3-010,USAF-DS3-010
SWM00002185,"Lulea-Kallax (2185-0), Sweden",Lulea-Kallax (2185-0),LULEA-KALLAX (2185-0)
SWM00002225,"Usaf-Ds3-012, Sweden",Usaf-Ds3-012,USAF-DS3-012
SWM00002365,"Sundsvall Harnosand (2365-0, Sweden",Sundsvall Harnosand (2365-0,SUNDSVALL HARNOSAND (2365-0
SWM00002465,"Usaf-Ds3-016, Sweden",Usaf-Ds3-016,USAF-DS3-016
SWM00002515,"Torpabron, Sweden",Torpabron,TORPABRON
SWM00002527,"Goteborg/Landvetter, Sweden",Goteborg,GOTEBORG/LANDVETTER
SWM00002591,"Visby Aerologiska Station, Sweden",Visby Aerologiska Station,VISBY AEROLOGISKA STATION
SXM00088968,"Islas Orcadas (Met), South Georgia and the Islands",Islas Orcadas (Met),ISLAS ORCADAS (MET)
SYM00040001,"Kamishli, Syria",Kamishli,KAMISHLI
SYM00040007,"Aleppo Int. Aeropor, Syria",Aleppo Int. Aeropor,ALEPPO INT. AEROPOR
SYM00040022,"Lattakia, Syria",Lattakia,LATTAKIA
SYM00040030,"Hama, Syria",Hama,HAMA
SYM00040039,"Raqqa, Syria",Raqqa,RAQQA
SYM00040080,"Damascus Int. Airpo, Syria",Damascus Int. Airpo,DAMASCUS INT. AIRPO
SZM00006610,"Payerne (6610-0), Switzerland",Payerne (6610-0),PAYERNE (6610-0)
TBM00078894,"St. Barthelemy, Saint Barthelemy",St. Barthelemy,ST. BARTHELEMY
TDM00078967,"Trinidad Bwi, Trinidad and Tobago",Trinidad Bwi,TRINIDAD BWI
TDM00078970,"Piarco Int. Airport; Trinid, Trinidad and Tobago",Piarco Int. Airport; Trinid,PIARCO INT. AIRPORT; TRINID
TEM00061976,"Serge-Frolow (Ile Tromelin), Tromelin Island",Serge-Frolow (Ile Tromelin),SERGE-FROLOW (ILE TROMELIN)
THM00048327,"Chiang Mai, Thailand",Chiang Mai,CHIANG MAI
THM00048354,"Udon Thani, Thailand",Udon Thani,UDON THANI
THM00048357,"Nakhon Phanom, Thailand",Nakhon Phanom,NAKHON PHANOM
THM00048378,"Phitsanulok, Thailand",Phitsanulok,PHITSANULOK
THM00048379,"Phetchabun, Thailand",Phetchabun,PHETCHABUN
THM00048381,"Khon Kaen, Thailand",Khon Kaen,KHON KAEN
THM00048407,"Ubon Ratchathani, Thailand",Ubon Ratchathani,UBON RATCHATHANI
THM00048426,"Lop Buri, Thailand",Lop Buri,LOP BURI
THM00048431,"Nakhon Ratchasima, Thailand",Nakhon Ratchasima,NAKHON RATCHASIMA
THM00048453,"Bangna Agromet, Thailand",Bangna Agromet,BANGNA AGROMET
THM00048455,"Bangkok Metropolis, Thailand",Bangkok Metropolis,BANGKOK METROPOLIS
THM00048456,"Don Muang, Thailand",Don Muang,DON MUANG
THM00048477,"Sattahip, Thailand",Sattahip,SATTAHIP
THM00048480,"Chantha Buri, Thailand",Chantha Buri,CHANTHA BURI
THM00048500,"Prachuap Khirikhan, Thailand",Prachuap Khirikhan,PRACHUAP KHIRIKHAN
THM00048532,"Ranong, Thailand",Ranong,RANONG
THM00048551,"Surat Thani, Thailand",Surat Thani,SURAT THANI
THM00048565,"Phuket Airport, Thailand",Phuket Airport,PHUKET AIRPORT
THM00048568,"Songkhla, Thailand",Songkhla,SONGKHLA
TIM00038599,"Khudjand, Tajikistan",Khudjand,KHUDJAND
TIM00038836,"Dushanbe, Tajikistan",Dushanbe,DUSHANBE
TIM00038879,"Usaf-Ds3-243, Tajikistan",Usaf-Ds3-243,USAF-DS3-243
TIM00038954,"Khorog, Tajikistan",Khorog,KHOROG
TKM00078118,"Turks Island, Turks and Caicos Islands",Turks Island,TURKS ISLAND
TNM00091788,"Usaf-Ds3-631, Tonga",Usaf-Ds3-631,USAF-DS3-631
TNM00091792,"Fuaamotu, Tonga",Fuaamotu,FUAAMOTU
TOM00065361,"Sokode, Togo",Sokode,SOKODE
TOM00065387,"Lome, Togo",Lome,LOME
TPM00061931,"S. Tome, Sao Tome and Principe",S. Tome,S. TOME
TSM00060710,"Tabarka, Tunisia",Tabarka,TABARKA
TSM00060714,"Bizerte, Tunisia",Bizerte,BIZERTE
TSM00060715,"Tunis-Carthage, Tunisia",Tunis-Carthage,TUNIS-CARTHAGE
TSM00060720,"Kelibia, Tunisia",Kelibia,KELIBIA
TSM00060725,"Jendouba, Tunisia",Jendouba,JENDOUBA
TSM00060735,"Kairouan, Tunisia",Kairouan,KAIROUAN
TSM00060738,"Thala, Tunisia",Thala,THALA
TSM00060740,"Monastir-Skanes, Tunisia",Monastir-Skanes,MONASTIR-SKANES
TSM00060745,"Gafsa, Tunisia",Gafsa,GAFSA
TSM00060750,"Sfax El-Maou, Tunisia",Sfax El-Maou,SFAX EL-MAOU
TSM00060760,"Tozeur, Tunisia",Tozeur,TOZEUR
TSM00060769,"Djerba Mellita, Tunisia",Djerba Mellita,DJERBA MELLITA
TSM00060775,"Remada, Tunisia",Remada,REMADA
TSM00060780,"El Borma, Tunisia",El Borma,EL BORMA
TTM00097385,"Oe-Cussie, Timor-Leste",Oe-Cussie,OE-CUSSIE
TTM00097388,"Komoro, Timor-Leste",Komoro,KOMORO
TTM00097390,"Dilli/Dilli Airport, Timor-Leste",Dilli,DILLI/DILLI AIRPORT
TTM00097395,"Bau Cau, Timor-Leste",Bau Cau,BAU CAU
TUM00017022,"Zonguldak, Turkey",Zonguldak,ZONGULDAK
TUM00017030,"Samsun, Turkey",Samsun,SAMSUN
TUM00017064,"Istanbul Bolge (Kartal), Turkey",Istanbul Bolge (Kartal),ISTANBUL BOLGE (KARTAL)
TUM00017082,"Merzifon, Turkey",Merzifon,MERZIFON
TUM00017095,"Erzurum Bolge, Turkey",Erzurum Bolge,ERZURUM BOLGE
,,,
TUM00017195,"Kayseri/Erkilet, Turkey",Kayseri,KAYSERI/ERKILET
TUM00017196,"Kayseri Balge, Turkey",Kayseri Balge,KAYSERI BALGE
TUM00017220,"Izmir/Guzelyali, Turkey",Izmir,IZMIR/GUZELYALI
TUM00017240,"Isparta, Turkey",Isparta,ISPARTA
TUM00017281,"Diyarbakir-Bolge, Turkey",Diyarbakir-Bolge,DIYARBAKIR-BOLGE
TUM00017300,"Antalya, Turkey",Antalya,ANTALYA
TUM00017351,"Adana/Bolge, Turkey",Adana,ADANA/BOLGE
TVM00091643,"Funafuti (91643-0), Tuvalu",Funafuti (91643-0),FUNAFUTI (91643-0)
TWM00046689,"Mazu (=588490), Taiwan",Mazu (=588490),MAZU (=588490)
TWM00046697,"Taoyuan Ab, Taiwan",Taoyuan Ab,TAOYUAN AB
TWM00046734,"Makung Ab (=593450), Taiwan",Makung Ab (=593450),MAKUNG AB (=593450)
TWM00046736,"Chinmem/Shatou(Afb), Taiwan",Chinmem,CHINMEM/SHATOU(AFB)
TWM00046741,"Usaf-Ds3-285, Taiwan",Usaf-Ds3-285,USAF-DS3-285
TWM00046743,"Tainan (Tw-Afb), Taiwan",Tainan (Tw-Afb),TAINAN (TW-AFB)
TWM00046746,"Chiayi (Tw-Afb), Taiwan",Chiayi (Tw-Afb),CHIAYI (TW-AFB)
TWM00046747,"Donggang (=595530), Taiwan",Donggang (=595530),DONGGANG (=595530)
TWM00046750,"Pingtung South(Afb), Taiwan",Pingtung South(Afb),PINGTUNG SOUTH(AFB)
TWM00046751,"Taichung (Tw-Afb), Taiwan",Taichung (Tw-Afb),TAICHUNG (TW-AFB)
TWM00046757,"Hsinchu City, Taiwan",Hsinchu City,HSINCHU CITY
TWM00046767,"Usaf-Ds3-286, Taiwan",Usaf-Ds3-286,USAF-DS3-286
TWM00046780,"Lu-Tao, Taiwan",Lu-Tao,LU-TAO
TWM00046810,"Dongsha (=597920), Taiwan",Dongsha (=597920),DONGSHA (=597920)
TWM00046902,"Usaf-Ds3-287, Taiwan",Usaf-Ds3-287,USAF-DS3-287
TWM00058968,"Taibei, Taiwan",Taibei,TAIBEI
TWM00058974,"Pengjia Yu, Taiwan",Pengjia Yu,PENGJIA YU
TWM00059362,"Hualian, Taiwan",Hualian,HUALIAN
TWM00059559,"467590, Taiwan",467590,467590
TXM00038392,"Dashkhovuz, Turkmenistan",Dashkhovuz,DASHKHOVUZ
TXM00038507,"Turkmenbashi, Turkmenistan",Turkmenbashi,TURKMENBASHI
TXM00038687,"Chardzhev, Turkmenistan",Chardzhev,CHARDZHEV
TXM00038750,"Esengyly, Turkmenistan",Esengyly,ESENGYLY
TXM00038880,"Ashgabat Keshi, Turkmenistan",Ashgabat Keshi,ASHGABAT KESHI
TXM00038989,"Tagtabazar, Turkmenistan",Tagtabazar,TAGTABAZAR
TZM00063729,"Bukoba, Tanzania",Bukoba,BUKOBA
TZM00063756,"Mwanza, Tanzania",Mwanza,MWANZA
TZM00063791,"Kilimanjaro Airport, Tanzania",Kilimanjaro Airport,KILIMANJARO AIRPORT
TZM00063801,"Kigoma, Tanzania",Kigoma,KIGOMA
TZM00063818,"Mombo, Tanzania",Mombo,MOMBO
TZM00063832,"Tabora Airport, Tanzania",Tabora Airport,TABORA AIRPORT
TZM00063844,"Tanga, Tanzania",Tanga,TANGA
TZM00063862,"Dodoma, Tanzania",Dodoma,DODOMA
TZM00063866,"Morogoro, Tanzania",Morogoro,MOROGORO
TZM00063887,"Iringa, Tanzania",Iringa,IRINGA
TZM00063894,"Dar Es Salaam Int, Tanzania",Dar Es Salaam Int,DAR ES SALAAM INT
TZM00063932,"Mbeya, Tanzania",Mbeya,MBEYA
UCM00078988,"Hato Airport; Curacao, Curacao",Hato Airport; Curacao,HATO AIRPORT; CURACAO
UGM00063654,"Masindi, Uganda",Masindi,MASINDI
UGM00063658,"Soroti, Uganda",Soroti,SOROTI
UGM00063674,"Kasese, Uganda",Kasese,KASESE
UGM00063684,"Tororo, Uganda",Tororo,TORORO
UGM00063702,"Mbarara, Uganda",Mbarara,MBARARA
UGM00063705,"Entebbe Airport, Uganda",Entebbe Airport,ENTEBBE AIRPORT
UKM00003005,"Lerwick, United Kingdom",Lerwick,LERWICK
UKM00003023,"South Uist Range, United Kingdom",South Uist Range,SOUTH UIST RANGE
UKM00003026,"Stornoway, United Kingdom",Stornoway,STORNOWAY
UKM00003066,"Kinloss, United Kingdom",Kinloss,KINLOSS
UKM00003091,"Aberdeen/Dyce Airpo, United Kingdom",Aberdeen,ABERDEEN/DYCE AIRPO
UKM00003162,"Eskdalemuir, United Kingdom",Eskdalemuir,ESKDALEMUIR
UKM00003170,"Usaf-Ds3-025, United Kingdom",Usaf-Ds3-025,USAF-DS3-025
UKM00003171,"Leuchars, United Kingdom",Leuchars,LEUCHARS
UKM00003213,"Usaf-Ds3-027, United Kingdom",Usaf-Ds3-027,USAF-DS3-027
UKM00003238,"Albemarle, United Kingdom",Albemarle,ALBEMARLE
UKM00003240,"Boulmer, United Kingdom",Boulmer,BOULMER
UKM00003257,"Leeming, United Kingdom",Leeming,LEEMING
UKM00003317,"Woodvale, United Kingdom",Woodvale,WOODVALE
UKM00003322,"Usaf-Ds3-032, United Kingdom",Usaf-Ds3-032,USAF-DS3-032
UKM00003354,"Nottingham; Watnall, United Kingdom",Nottingham; Watnall,NOTTINGHAM; WATNALL
UKM00003377,"Waddington, United Kingdom",Waddington,WADDINGTON
UKM00003414,"Shawbury, United Kingdom",Shawbury,SHAWBURY
UKM00003470,"Usaf-Ds3-035, United Kingdom",Usaf-Ds3-035,USAF-DS3-035
UKM00003496,"Usaf-Ds3-037, United Kingdom",Usaf-Ds3-037,USAF-DS3-037
UKM00003501,"Capel Dewi, United Kingdom",Capel Dewi,CAPEL DEWI
UKM00003502,"Aberporth, United Kingdom",Aberporth,ABERPORTH
UKM00003559,"Cardington, United Kingdom",Cardington,CARDINGTON
UKM00003586,"Usaf-Ds3-043, United Kingdom",Usaf-Ds3-043,USAF-DS3-043
UKM00003590,"Wattisham, United Kingdom",Wattisham,WATTISHAM
UKM00003649,"Brize Norton, United Kingdom",Brize Norton,BRIZE NORTON
UKM00003693,"Shoeburyness; Landwick, United Kingdom",Shoeburyness; Landwick,SHOEBURYNESS; LANDWICK
UKM00003715,"Cardiff-Wales Arpt, United Kingdom",Cardiff-Wales Arpt,CARDIFF-WALES ARPT
UKM00003743,"Larkhill, United Kingdom",Larkhill,LARKHILL
UKM00003774,"Usaf-Ds3-044, United Kingdom",Usaf-Ds3-044,USAF-DS3-044
UKM00003808,"Camborne, United Kingdom",Camborne,CAMBORNE
UKM00003882,"Herstmonceux, United Kingdom",Herstmonceux,HERSTMONCEUX
UKM00003917,"Belfast/Aldergrove Arpt, United Kingdom",Belfast,BELFAST/ALDERGROVE ARPT
UKM00003918,"Castor Bay, United Kingdom",Castor Bay,CASTOR BAY
UKM00003920,"Usaf-Ds3-050, United Kingdom",Usaf-Ds3-050,USAF-DS3-050
UKXUAC03371,"Sewastopol, United Kingdom",Sewastopol,SEWASTOPOL
UPM00033317,"Shepetivka, Ukraine",Shepetivka,SHEPETIVKA
UPM00033345,"Kyiv, Ukraine",Kyiv,KYIV
UPM00033393,"Lviv, Ukraine",Lviv,LVIV
UPM00033506,"Poltava, Ukraine",Poltava,POLTAVA
UPM00033631,"Uzhhorod, Ukraine",Uzhhorod,UZHHOROD
UPM00033658,"Chernivtsi, Ukraine",Chernivtsi,CHERNIVTSI
UPM00033791,"Kryvyi Rih, Ukraine",Kryvyi Rih,KRYVYI RIH
UPM00033837,"Odesa, Ukraine",Odesa,ODESA
UPM00033946,"Simferopol, Ukraine",Simferopol,SIMFEROPOL
UPM00033966,"Bilohirsk, Ukraine",Bilohirsk,BILOHIRSK
UPM00034300,"Kharkiv, Ukraine",Kharkiv,KHARKIV
USI0000KRPD,"Wi Rice Lake Rgnl Carls, United States",Wi Rice Lake Rgnl Carls,WI RICE LAKE RGNL CARLS
USM00070026,"Ak Barrow/W. Post W. Rogers, United States",Ak Barrow,AK BARROW/W. POST W. ROGERS
USM00070027,"Ak Nsa Barrow Facility Barrow;, United States",Ak Nsa Barrow Facility Barrow;,AK NSA BARROW FACILITY BARROW;
USM00070086,"Ak Barter Island Wso Ap, United States",Ak Barter Island Wso Ap,AK BARTER ISLAND WSO AP
USM00070133,"Ak Kotzebue; Ralph Wien, United States",Ak Kotzebue; Ralph Wien,AK KOTZEBUE; RALPH WIEN
USM00070194,"Ak Fort Yukon, United States",Ak Fort Yukon,AK FORT YUKON
USM00070200,"Ak Nome; Ak, United States",Ak Nome; Ak,AK NOME; AK
USM00070204,"Ak Gambell, United States",Ak Gambell,AK GAMBELL
USM00070219,"Ak Bethel/Bethel Airport; Ak, United States",Ak Bethel,AK BETHEL/BETHEL AIRPORT; AK
USM00070231,"Ak Mcgrath; Ak, United States",Ak Mcgrath; Ak,AK MCGRATH; AK
USM00070261,"Ak Fairbanks/Int.; Ak, United States",Ak Fairbanks,AK FAIRBANKS/INT.; AK
USM00070267,"Ak Ft Greely/Allen Aaf, United States",Ak Ft Greely,AK FT GREELY/ALLEN AAF
USM00070270,"Ak Ft. Richardson/Bryant Ahp;, United States",Ak Ft. Richardson,AK FT. RICHARDSON/BRYANT AHP;
USM00070273,"Ak Anchorage/Int.; Ak, United States",Ak Anchorage,AK ANCHORAGE/INT.; AK
USM00070291,"Ak Northway, United States",Ak Northway,AK NORTHWAY
USM00070292,"Ak Usaf-Ds3-520, United States",Ak Usaf-Ds3-520,AK USAF-DS3-520
USM00070308,"Ak St. Paul Islands; Ak, United States",Ak St. Paul Islands; Ak,AK ST. PAUL ISLANDS; AK
USM00070316,"Ak Cold Bay; Ak, United States",Ak Cold Bay; Ak,AK COLD BAY; AK
USM00070326,"Ak King Salmon; Ak, United States",Ak King Salmon; Ak,AK KING SALMON; AK
USM00070350,"Ak Kodiak; Ak, United States",Ak Kodiak; Ak,AK KODIAK; AK
USM00070361,"Ak Yakutat; Ak, United States",Ak Yakutat; Ak,AK YAKUTAT; AK
USM00070381,"Ak Juneau, United States",Ak Juneau,AK JUNEAU
USM00070398,"Ak Annette Island; Ak, United States",Ak Annette Island; Ak,AK ANNETTE ISLAND; AK
USM00070409,"Ak Attu Island, United States",Ak Attu Island,AK ATTU ISLAND
USM00070414,"Ak Shemya Afb, United States",Ak Shemya Afb,AK SHEMYA AFB
USM00070439,"Ak Amchitka Island, United States",Ak Amchitka Island,AK AMCHITKA ISLAND
USM00070454,"Ak Adak (Nas), United States",Ak Adak (Nas),AK ADAK (NAS)
USM00070485,"Ak Umnak Island, United States",Ak Umnak Island,AK UMNAK ISLAND
USM00070489,"Ak Dutch Harbor, United States",Ak Dutch Harbor,AK DUTCH HARBOR
USM00072201,"Fl Key West/Int.; Fl, United States",Fl Key West,FL KEY WEST/INT.; FL
USM00072202,"Fl Miami; Fl (72202-0), United States",Fl Miami; Fl (72202-0),FL MIAMI; FL (72202-0)
USM00072203,"Fl West Palm Beach Intl Ap, United States",Fl West Palm Beach Intl Ap,FL WEST PALM BEACH INTL AP
USM00072206,"Fl Jacksonville/Intnl.; Fl., United States",Fl Jacksonville,FL JACKSONVILLE/INTNL.; FL.
USM00072208,"Sc Charleston/Mun.; Sc., United States",Sc Charleston,SC CHARLESTON/MUN.; SC.
USM00072210,"Fl Tampa Bay Area; Fl., United States",Fl Tampa Bay Area; Fl.,FL TAMPA BAY AREA; FL.
USM00072213,"Ga Waycross Ware Co Ap, United States",Ga Waycross Ware Co Ap,GA WAYCROSS WARE CO AP
USM00072214,"Fl Tallahassee/Mun.; Fl., United States",Fl Tallahassee,FL TALLAHASSEE/MUN.; FL.
USM00072215,"Ga Peachtree City; Ga., United States",Ga Peachtree City; Ga.,GA PEACHTREE CITY; GA.
USM00072216,"Ga Albany, United States",Ga Albany,GA ALBANY
USM00072220,"Fl Apalachicola Muni, United States",Fl Apalachicola Muni,FL APALACHICOLA MUNI
USM00072221,"Fl Valparaiso/Eglin Afb; Fl., United States",Fl Valparaiso,FL VALPARAISO/EGLIN AFB; FL.
USM00072222,"Fl Pensacola Forest Sherman Na, United States",Fl Pensacola Forest Sherman Na,FL PENSACOLA FOREST SHERMAN NA
USM00072224,"Fl Cape San Blas Site D 3, United States",Fl Cape San Blas Site D 3,FL CAPE SAN BLAS SITE D 3
USM00072225,"Ga Fort Benning, United States",Ga Fort Benning,GA FORT BENNING
USM00072226,"Al Montgomery Dannelly Fld, United States",Al Montgomery Dannelly Fld,AL MONTGOMERY DANNELLY FLD
USM00072228,"Al Birmingham Muni, United States",Al Birmingham Muni,AL BIRMINGHAM MUNI
USM00072229,"Al Centreville Wsmo, United States",Al Centreville Wsmo,AL CENTREVILLE WSMO
USM00072230,"Al Birmingham; Al, United States",Al Birmingham; Al,AL BIRMINGHAM; AL
USM00072231,"La New Orleans, United States",La New Orleans,LA NEW ORLEANS
USM00072232,"La Boothville Wscmo Cit, United States",La Boothville Wscmo Cit,LA BOOTHVILLE WSCMO CIT
USM00072233,"La Slidell/Mun. La, United States",La Slidell,LA SLIDELL/MUN. LA
USM00072235,"Ms Jackson/Allen C. Thompson F, United States",Ms Jackson,MS JACKSON/ALLEN C. THOMPSON F
USM00072238,"Ms Greenville, United States",Ms Greenville,MS GREENVILLE
USM00072239,"La Fort Polk (Army), United States",La Fort Polk (Army),LA FORT POLK (ARMY)
USM00072240,"La Lake Charles/Mun.; La., United States",La Lake Charles,LA LAKE CHARLES/MUN.; LA.
USM00072243,"Tx Houston/Intercontin, United States",Tx Houston,TX HOUSTON/INTERCONTIN
USM00072244,"Tx Bryan, United States",Tx Bryan,TX BRYAN
USM00072247,"Tx Longview Wsmo, United States",Tx Longview Wsmo,TX LONGVIEW WSMO
USM00072248,"La Shreveport/Reg.; La., United States",La Shreveport,LA SHREVEPORT/REG.; LA.
USM00072249,"Tx Fort Worth; Tx., United States",Tx Fort Worth; Tx.,TX FORT WORTH; TX.
USM00072250,"Tx Brownsville/Int.; Tx, United States",Tx Brownsville,TX BROWNSVILLE/INT.; TX
USM00072251,"Tx Corpus Christi/Int.; Tx., United States",Tx Corpus Christi,TX CORPUS CHRISTI/INT.; TX.
USM00072253,"Tx San Antonio Intl Ap, United States",Tx San Antonio Intl Ap,TX SAN ANTONIO INTL AP
USM00072255,"Tx Victoria Rgnl Ap, United States",Tx Victoria Rgnl Ap,TX VICTORIA RGNL AP
USM00072256,"Tx Waco Rgnl, United States",Tx Waco Rgnl,TX WACO RGNL
USM00072257,"Tx Ft Hood Aaf/Killeen, United States",Tx Ft Hood Aaf,TX FT HOOD AAF/KILLEEN
USM00072260,"Tx Stephenville, United States",Tx Stephenville,TX STEPHENVILLE
USM00072261,"Tx Del Rio/Int.; Tx., United States",Tx Del Rio,TX DEL RIO/INT.; TX.
USM00072263,"Tx Mathis Fld/S.Angelo, United States",Tx Mathis Fld,TX MATHIS FLD/S.ANGELO
USM00072264,"Tx Marfa Muni (Amos), United States",Tx Marfa Muni (Amos),TX MARFA MUNI (AMOS)
USM00072265,"Tx Midland/Midland Reg. Airter, United States",Tx Midland,TX MIDLAND/MIDLAND REG. AIRTER
USM00072266,"Tx Abilene Muni Ap, United States",Tx Abilene Muni Ap,TX ABILENE MUNI AP
USM00072267,"Tx Lubbock/Muni (Tex), United States",Tx Lubbock,TX LUBBOCK/MUNI (TEX)
USM00072268,"Nm Roswell/Industrial, United States",Nm Roswell,NM ROSWELL/INDUSTRIAL
USM00072269,"Nm Usaf-Ds3-528, United States",Nm Usaf-Ds3-528,NM USAF-DS3-528
USM00072273,"Az Fort Huachuca, United States",Az Fort Huachuca,AZ FORT HUACHUCA
USM00072274,"Az Tucson; Az, United States",Az Tucson; Az,AZ TUCSON; AZ
USM00072278,"Az Phoenix/Sky Harbor, United States",Az Phoenix,AZ PHOENIX/SKY HARBOR
USM00072280,"Az Yuma Intl Airport, United States",Az Yuma Intl Airport,AZ YUMA INTL AIRPORT
USM00072281,"Ca El Centro Naf, United States",Ca El Centro Naf,CA EL CENTRO NAF
USM00072293,"Ca San Diego/Miramar; Nas; Ca., United States",Ca San Diego,CA SAN DIEGO/MIRAMAR; NAS; CA.
USM00072295,"Ca Los Angeles Intl, United States",Ca Los Angeles Intl,CA LOS ANGELES INTL
USM00072297,"Ca Long Beach, United States",Ca Long Beach,CA LONG BEACH
USM00072303,"Nc Pope Afb, United States",Nc Pope Afb,NC POPE AFB
USM00072304,"Nc Cape Hatteras Wb Bldg, United States",Nc Cape Hatteras Wb Bldg,NC CAPE HATTERAS WB BLDG
USM00072305,"Nc Newport; Nc., United States",Nc Newport; Nc.,NC NEWPORT; NC.
USM00072306,"Nc Raleigh/Raleigh-Dur, United States",Nc Raleigh,NC RALEIGH/RALEIGH-DUR
USM00072308,"Va Norfolk/Muni (Va), United States",Va Norfolk,VA NORFOLK/MUNI (VA)
USM00072311,"Ga Athens Ben Epps Ap, United States",Ga Athens Ben Epps Ap,GA ATHENS BEN EPPS AP
USM00072317,"Nc Greensboro/G.-High Pt.; Nc., United States",Nc Greensboro,NC GREENSBORO/G.-HIGH PT.; NC.
USM00072318,"Va Blacksburg; Va., United States",Va Blacksburg; Va.,VA BLACKSBURG; VA.
USM00072326,"Tn Knoxville Municipal, United States",Tn Knoxville Municipal,TN KNOXVILLE MUNICIPAL
USM00072327,"Tn Nashville/Metropolitan; Tn., United States",Tn Nashville,TN NASHVILLE/METROPOLITAN; TN.
USM00072340,"Ar Little Rock/Adams Fld; Ar., United States",Ar Little Rock,AR LITTLE ROCK/ADAMS FLD; AR.
USM00072344,"Ar Ft Smith Camp Chaffee, United States",Ar Ft Smith Camp Chaffee,AR FT SMITH CAMP CHAFFEE
USM00072349,"Mo Monett, United States",Mo Monett,MO MONETT
USM00072351,"Tx Wichita Falls, United States",Tx Wichita Falls,TX WICHITA FALLS
USM00072352,"Ok Altus Afb (Okla), United States",Ok Altus Afb (Okla),OK ALTUS AFB (OKLA)
USM00072353,"Ok Oklahoma City/W. Ro, United States",Ok Oklahoma City,OK OKLAHOMA CITY/W. RO
USM00072355,"Ok Fort Sill, United States",Ok Fort Sill,OK FORT SILL
USM00072356,"Ok Tulsa Intl Arpt(Aw), United States",Ok Tulsa Intl Arpt(Aw),OK TULSA INTL ARPT(AW)
USM00072357,"Ok Norman/Max Westheimer A; Ok, United States",Ok Norman,OK NORMAN/MAX WESTHEIMER A; OK
USM00072363,"Tx Amarillo/Intl.; Tx., United States",Tx Amarillo,TX AMARILLO/INTL.; TX.
USM00072364,"Tx Santa Teresa; Nm., United States",Tx Santa Teresa; Nm.,TX SANTA TERESA; NM.
USM00072365,"Nm Albuquerque/Int.; Nm., United States",Nm Albuquerque,NM ALBUQUERQUE/INT.; NM.
USM00072374,"Az Winslow Muni Ap, United States",Az Winslow Muni Ap,AZ WINSLOW MUNI AP
USM00072376,"Az Flagstaff; Az, United States",Az Flagstaff; Az,AZ FLAGSTAFF; AZ
USM00072381,"Ca Edwards Afb; Ca., United States",Ca Edwards Afb; Ca.,CA EDWARDS AFB; CA.
USM00072383,"Ca Sandburg (Aut), United States",Ca Sandburg (Aut),CA SANDBURG (AUT)
USM00072385,"Nv Yucca Flats Test 21, United States",Nv Yucca Flats Test 21,NV YUCCA FLATS TEST 21
USM00072387,"Nv Mercury Desert Rock Ap, United States",Nv Mercury Desert Rock Ap,NV MERCURY DESERT ROCK AP
USM00072388,"Nv Las Vegas, United States",Nv Las Vegas,NV LAS VEGAS
USM00072389,"Ca Fresno Airterm, United States",Ca Fresno Airterm,CA FRESNO AIRTERM
USM00072391,"Ca Point Mugu/Nas, United States",Ca Point Mugu,CA POINT MUGU/NAS
USM00072393,"Ca Vandenberg Afb; Ca. (72393-, United States",Ca Vandenberg Afb; Ca. (72393-,CA VANDENBERG AFB; CA. (72393-
USM00072394,"Ca Santa Maria/Public (Cal), United States",Ca Santa Maria,CA SANTA MARIA/PUBLIC (CAL)
USM00072401,"Va Richmond/Byrd Field, United States",Va Richmond,VA RICHMOND/BYRD FIELD
USM00072402,"Va Wallops Island; Va., United States",Va Wallops Island; Va.,VA WALLOPS ISLAND; VA.
USM00072403,"Va Sterling; Va., United States",Va Sterling; Va.,VA STERLING; VA.
USM00072405,"Dc Washington/National, United States",Dc Washington,DC WASHINGTON/NATIONAL
USM00072407,"Nj Atlantic City U-A, United States",Nj Atlantic City U-A,NJ ATLANTIC CITY U-A
USM00072408,"Pa Philadelphia Intl, United States",Pa Philadelphia Intl,PA PHILADELPHIA INTL
USM00072409,"Nj Lakehurst, United States",Nj Lakehurst,NJ LAKEHURST
USM00072412,"Wv Beckley, United States",Wv Beckley,WV BECKLEY
USM00072414,"Wv Yeager, United States",Wv Yeager,WV YEAGER
USM00072421,"Ky Cincinnati/Greater, United States",Ky Cincinnati,KY CINCINNATI/GREATER
USM00072424,"Ky Fort Knox/Godman, United States",Ky Fort Knox,KY FORT KNOX/GODMAN
USM00072425,"Wv Huntington Tri State Ap, United States",Wv Huntington Tri State Ap,WV HUNTINGTON TRI STATE AP
USM00072426,"Oh Wilmington; Oh., United States",Oh Wilmington; Oh.,OH WILMINGTON; OH.
USM00072432,"In Evansville Regional, United States",In Evansville Regional,IN EVANSVILLE REGIONAL
USM00072433,"Il Salem Leckrone Ap, United States",Il Salem Leckrone Ap,IL SALEM LECKRONE AP
USM00072434,"Mo St. Louis/Lambert, United States",Mo St. Louis,MO ST. LOUIS/LAMBERT
USM00072435,"Ky Paducah Barkley Fld, United States",Ky Paducah Barkley Fld,KY PADUCAH BARKLEY FLD
USM00072436,"In Columbus, United States",In Columbus,IN COLUMBUS
USM00072438,"In Indianapolis/I.-Mun, United States",In Indianapolis,IN INDIANAPOLIS/I.-MUN
USM00072440,"Mo Springfield/Mun.; Mo., United States",Mo Springfield,MO SPRINGFIELD/MUN.; MO.
USM00072445,"Mo Columbia Regional, United States",Mo Columbia Regional,MO COLUMBIA REGIONAL
USM00072450,"Ks Wichita/Mid-Contine, United States",Ks Wichita,KS WICHITA/MID-CONTINE
USM00072451,"Ks Dodge City/Mun.; Ks., United States",Ks Dodge City,KS DODGE CITY/MUN.; KS.
USM00072455,"Ks Ft Riley/Marshall A, United States",Ks Ft Riley,KS FT RILEY/MARSHALL A
USM00072456,"Ks Topeka/Mun.; Ks., United States",Ks Topeka,KS TOPEKA/MUN.; KS.
USM00072457,"Ks Ft. Leavenworth, United States",Ks Ft. Leavenworth,KS FT. LEAVENWORTH
USM00072462,"Co Alamosa Muni(Awos), United States",Co Alamosa Muni(Awos),CO ALAMOSA MUNI(AWOS)
USM00072464,"Co Pueblo Memorial(Aw), United States",Co Pueblo Memorial(Aw),CO PUEBLO MEMORIAL(AW)
USM00072465,"Ks Goodland/Renner Fie, United States",Ks Goodland,KS GOODLAND/RENNER FIE
USM00072468,"Co Fort Carson/Butts, United States",Co Fort Carson,CO FORT CARSON/BUTTS
USM00072469,"Co Denver/Stapleton Int.; Co., United States",Co Denver,CO DENVER/STAPLETON INT.; CO.
USM00072475,"Ut Milford Municipal, United States",Ut Milford Municipal,UT MILFORD MUNICIPAL
USM00072476,"Co Grand Junction/Walker Field, United States",Co Grand Junction,CO GRAND JUNCTION/WALKER FIELD
USM00072480,"Ca Bishop Airport, United States",Ca Bishop Airport,CA BISHOP AIRPORT
USM00072481,"Ca Castle Afb, United States",Ca Castle Afb,CA CASTLE AFB
USM00072483,"Ca Sacramento/Executiv, United States",Ca Sacramento,CA SACRAMENTO/EXECUTIV
USM00072485,"Nv Tonapah Aprt (Nev), United States",Nv Tonapah Aprt (Nev),NV TONAPAH APRT (NEV)
USM00072486,"Nv Ely Yelland Fld Ap, United States",Nv Ely Yelland Fld Ap,NV ELY YELLAND FLD AP
USM00072489,"Nv Reno; Nv., United States",Nv Reno; Nv.,NV RENO; NV.
USM00072493,"Ca Oakland/Metrop. Oakland Int, United States",Ca Oakland,CA OAKLAND/METROP. OAKLAND INT
USM00072497,"Ca Chico Muni, United States",Ca Chico Muni,CA CHICO MUNI
USM00072501,"Ny Upton; Ny., United States",Ny Upton; Ny.,NY UPTON; NY.
USM00072503,"Ny La Guardia, United States",Ny La Guardia,NY LA GUARDIA
USM00072506,"Ma Nantucket Mem Ap, United States",Ma Nantucket Mem Ap,MA NANTUCKET MEM AP
USM00072509,"Ma Boston/Logan Intl, United States",Ma Boston,MA BOSTON/LOGAN INTL
USM00072514,"Pa Williamsport/Lycomi, United States",Pa Williamsport,PA WILLIAMSPORT/LYCOMI
USM00072515,"Ny Binghamton/Broome C, United States",Ny Binghamton,NY BINGHAMTON/BROOME C
USM00072518,"Ny Albany County Airport; Ny., United States",Ny Albany County Airport; Ny.,NY ALBANY COUNTY AIRPORT; NY.
USM00072520,"Pa Pittsburgh; Pa., United States",Pa Pittsburgh; Pa.,PA PITTSBURGH; PA.
USM00072524,"Oh Cleveland, United States",Oh Cleveland,OH CLEVELAND
USM00072528,"Ny Buffalo/Greater Buffalo Int, United States",Ny Buffalo,NY BUFFALO/GREATER BUFFALO INT
USM00072531,"Il Rantoul, United States",Il Rantoul,IL RANTOUL
USM00072532,"Il Peoria Gtr Peoria Ap, United States",Il Peoria Gtr Peoria Ap,IL PEORIA GTR PEORIA AP
USM00072533,"In Fort Wayne/Baer Fld, United States",In Fort Wayne,IN FORT WAYNE/BAER FLD
USM00072534,"Il Chicago/Midway, United States",Il Chicago,IL CHICAGO/MIDWAY
USM00072535,"In South Bend St Joseph, United States",In South Bend St Joseph,IN SOUTH BEND ST JOSEPH
USM00072536,"Oh Toledo Express, United States",Oh Toledo Express,OH TOLEDO EXPRESS
USM00072537,"Mi Detroit Metro., United States",Mi Detroit Metro.,MI DETROIT METRO.
USM00072545,"Ia Cedar Rapids Echo Si, United States",Ia Cedar Rapids Echo Si,IA CEDAR RAPIDS ECHO SI
USM00072546,"Ia Des Moines Intl, United States",Ia Des Moines Intl,IA DES MOINES INTL
USM00072548,"Ia Waterloo, United States",Ia Waterloo,IA WATERLOO
USM00072557,"Ia Sioux City Muni, United States",Ia Sioux City Muni,IA SIOUX CITY MUNI
USM00072558,"Ne Valley; Ne., United States",Ne Valley; Ne.,NE VALLEY; NE.
USM00072562,"Ne North Platte/Lee Bird; Ne., United States",Ne North Platte,NE NORTH PLATTE/LEE BIRD; NE.
USM00072563,"Ne Sydney, United States",Ne Sydney,NE SYDNEY
USM00072564,"Wy Cheyenne/Warren Afb, United States",Wy Cheyenne,WY CHEYENNE/WARREN AFB
USM00072566,"Ne Scottsbluff Aaf, United States",Ne Scottsbluff Aaf,NE SCOTTSBLUFF AAF
USM00072569,"Wy Casper/Natrona Coun, United States",Wy Casper,WY CASPER/NATRONA COUN
USM00072572,"Ut Salt Lake City/Intnl Ut., United States",Ut Salt Lake City,UT SALT LAKE CITY/INTNL UT.
USM00072575,"Ut Ogden, United States",Ut Ogden,UT OGDEN
USM00072576,"Wy Lander Hunt Fld Ap, United States",Wy Lander Hunt Fld Ap,WY LANDER HUNT FLD AP
USM00072581,"Ut Wendover/Af. Aux. F, United States",Ut Wendover,UT WENDOVER/AF. AUX. F
USM00072582,"Nv Elko; Nv., United States",Nv Elko; Nv.,NV ELKO; NV.
USM00072583,"Nv Winnemucca Muni Ap, United States",Nv Winnemucca Muni Ap,NV WINNEMUCCA MUNI AP
USM00072591,"Ca Red Bluff Municipal, United States",Ca Red Bluff Municipal,CA RED BLUFF MUNICIPAL
USM00072597,"Or Medford/Medford-Jackson Cou, United States",Or Medford,OR MEDFORD/MEDFORD-JACKSON COU
USM00072632,"Mi White Lake; Mi., United States",Mi White Lake; Mi.,MI WHITE LAKE; MI.
USM00072634,"Mi Gaylord; Mi., United States",Mi Gaylord; Mi.,MI GAYLORD; MI.
USM00072636,"Mi Muskegon, United States",Mi Muskegon,MI MUSKEGON
USM00072637,"Mi Flint Bishop Ap, United States",Mi Flint Bishop Ap,MI FLINT BISHOP AP
USM00072639,"Mi Alpena/Phelps Colli, United States",Mi Alpena,MI ALPENA/PHELPS COLLI
USM00072641,"Wi Madison/Dane County, United States",Wi Madison,WI MADISON/DANE COUNTY
USM00072645,"Wi Green Bay/A.-Straubel; Wi., United States",Wi Green Bay,WI GREEN BAY/A.-STRAUBEL; WI.
USM00072649,"Mn Chanhassen; Mn., United States",Mn Chanhassen; Mn.,MN CHANHASSEN; MN.
USM00072654,"Sd Huron Rgnl Ap, United States",Sd Huron Rgnl Ap,SD HURON RGNL AP
USM00072655,"Mn St Cloud Muni Ap, United States",Mn St Cloud Muni Ap,MN ST CLOUD MUNI AP
USM00072659,"Sd Aberdeen/Reg.; Sd., United States",Sd Aberdeen,SD ABERDEEN/REG.; SD.
USM00072662,"Sd Rapid City Wfo; Sd., United States",Sd Rapid City Wfo; Sd.,SD RAPID CITY WFO; SD.
USM00072666,"Wy Sheridan Co. Arpt, United States",Wy Sheridan Co. Arpt,WY SHERIDAN CO. ARPT
USM00072672,"Wy Riverton; Wy., United States",Wy Riverton; Wy.,WY RIVERTON; WY.
USM00072677,"Mt Billings/Logan Int., United States",Mt Billings,MT BILLINGS/LOGAN INT.
USM00072681,"Id Boise/Mun.; Id., United States",Id Boise,ID BOISE/MUN.; ID.
USM00072683,"Or Burns Muni (Amos), United States",Or Burns Muni (Amos),OR BURNS MUNI (AMOS)
USM00072688,"Or Pendleton Municipal, United States",Or Pendleton Municipal,OR PENDLETON MUNICIPAL
USM00072693,"Or Eugene/Mahlon Sweet, United States",Or Eugene,OR EUGENE/MAHLON SWEET
USM00072694,"Or Salem/Mcnary; Or., United States",Or Salem,OR SALEM/MCNARY; OR.
USM00072698,"Or Portland Intl, United States",Or Portland Intl,OR PORTLAND INTL
USM00072712,"Me Caribou/Mun.; Me., United States",Me Caribou,ME CARIBOU/MUN.; ME.
USM00072734,"Mi Sault Ste Marie Sanderson F, United States",Mi Sault Ste Marie Sanderson F,MI SAULT STE MARIE SANDERSON F
USM00072745,"Mn Duluth Intl Airport, United States",Mn Duluth Intl Airport,MN DULUTH INTL AIRPORT
USM00072747,"Mn Int.Falls/Falls Int. Mn., United States",Mn Int.Falls,MN INT.FALLS/FALLS INT. MN.
USM00072753,"Nd Fargo/Hector Field, United States",Nd Fargo,ND FARGO/HECTOR FIELD
USM00072764,"Nd Bismarck/Mun.; Nd., United States",Nd Bismarck,ND BISMARCK/MUN.; ND.
USM00072767,"Nd Williston/Sloulin F, United States",Nd Williston,ND WILLISTON/SLOULIN F
USM00072768,"Mt Glasgow/Int.; Mt., United States",Mt Glasgow,MT GLASGOW/INT.; MT.
USM00072773,"Mt Missoula/Johnson-Be, United States",Mt Missoula,MT MISSOULA/JOHNSON-BE
USM00072776,"Mt Great Falls; Mt., United States",Mt Great Falls; Mt.,MT GREAT FALLS; MT.
USM00072777,"Mt Havre (Amos), United States",Mt Havre (Amos),MT HAVRE (AMOS)
USM00072781,"Wa Yakima Airterm, United States",Wa Yakima Airterm,WA YAKIMA AIRTERM
USM00072783,"Id Lewiston Nez Perce, United States",Id Lewiston Nez Perce,ID LEWISTON NEZ PERCE
USM00072786,"Wa Spokane; Wa., United States",Wa Spokane; Wa.,WA SPOKANE; WA.
USM00072792,"Wa Olympia Mun I Ap, United States",Wa Olympia Mun I Ap,WA OLYMPIA MUN I AP
USM00072793,"Wa Seattle-Tacoma Intl, United States",Wa Seattle-Tacoma Intl,WA SEATTLE-TACOMA INTL
USM00072797,"Wa Quillayute; Wa., United States",Wa Quillayute; Wa.,WA QUILLAYUTE; WA.
USM00072798,"Wa Tatoosh Island Wb, United States",Wa Tatoosh Island Wb,WA TATOOSH ISLAND WB
USM00074001,"Al Redstone Arsenal; Al., United States",Al Redstone Arsenal; Al.,AL REDSTONE ARSENAL; AL.
USM00074002,"Md Aberdeen Prvgr, United States",Md Aberdeen Prvgr,MD ABERDEEN PRVGR
USM00074003,"Ut Dugway Prvgr, United States",Ut Dugway Prvgr,UT DUGWAY PRVGR
USM00074004,"Az Yuma Proving Grounds Az, United States",Az Yuma Proving Grounds Az,AZ YUMA PROVING GROUNDS AZ
USM00074005,"Az Yuma Prvgr, United States",Az Yuma Prvgr,AZ YUMA PRVGR
USM00074207,"Wa Usaf-Ds3-593, United States",Wa Usaf-Ds3-593,WA USAF-DS3-593
USM00074389,"Me Gray; Me., United States",Me Gray; Me.,ME GRAY; ME.
USM00074392,"Me Brunswick, United States",Me Brunswick,ME BRUNSWICK
USM00074455,"Ia Quad City; Ia., United States",Ia Quad City; Ia.,IA QUAD CITY; IA.
USM00074479,"Pa Usaf-Ds3-595, United States",Pa Usaf-Ds3-595,PA USAF-DS3-595
USM00074482,"Ny Newburgh/Stewart Afb, United States",Ny Newburgh,NY NEWBURGH/STEWART AFB
USM00074486,"Ny New York Jfk Ap, United States",Ny New York Jfk Ap,NY NEW YORK JFK AP
USM00074494,"Ma Chatham; Ma., United States",Ma Chatham; Ma.,MA CHATHAM; MA.
USM00074505,"Ca San Jose/Emsu, United States",Ca San Jose,CA SAN JOSE/EMSU
USM00074531,"Co Air Force Academy, United States",Co Air Force Academy,CO AIR FORCE ACADEMY
USM00074544,"Ks Russell, United States",Ks Russell,KS RUSSELL
USM00074560,"Il Lincoln; Il., United States",Il Lincoln; Il.,IL LINCOLN; IL.
USM00074570,"Oh Dayton W Patterson Afb, United States",Oh Dayton W Patterson Afb,OH DAYTON W PATTERSON AFB
USM00074574,"Va Dahlgren, United States",Va Dahlgren,VA DAHLGREN
USM00074606,"Ca South Vandenberg Af, United States",Ca South Vandenberg Af,CA SOUTH VANDENBERG AF
USM00074611,"Ca Bicycle Lake (Aaf), United States",Ca Bicycle Lake (Aaf),CA BICYCLE LAKE (AAF)
USM00074612,"Ca China Lake; Naf; Ca., United States",Ca China Lake; Naf; Ca.,CA CHINA LAKE; NAF; CA.
USM00074614,"Nv Indian Springs Gunn, United States",Nv Indian Springs Gunn,NV INDIAN SPRINGS GUNN
USM00074618,"Ca Cuddleback Gunnery, United States",Ca Cuddleback Gunnery,CA CUDDLEBACK GUNNERY
USM00074619,"Ca Superior Valley Gun, United States",Ca Superior Valley Gun,CA SUPERIOR VALLEY GUN
USM00074626,"Az Wfo Phoenix;, United States",Az Wfo Phoenix;,AZ WFO PHOENIX;
USM00074630,"Nm Stallion Site, United States",Nm Stallion Site,NM STALLION SITE
USM00074631,"Nm White Sands Missile, United States",Nm White Sands Missile,NM WHITE SANDS MISSILE
USM00074638,"Nm Melrose Gunnery Ran, United States",Nm Melrose Gunnery Ran,NM MELROSE GUNNERY RAN
USM00074641,"Ok Gage; Ok; Gage Arpt, United States",Ok Gage; Ok; Gage Arpt,OK GAGE; OK; GAGE ARPT
USM00074646,"Ok Lamont, United States",Ok Lamont,OK LAMONT
USM00074671,"Ky Fort Campbell (Aaf), United States",Ky Fort Campbell (Aaf),KY FORT CAMPBELL (AAF)
USM00074693,"Nc Fort Bragg/Simmons, United States",Nc Fort Bragg,NC FORT BRAGG/SIMMONS
USM00074695,"Nc Dare County Gunnery, United States",Nc Dare County Gunnery,NC DARE COUNTY GUNNERY
USM00074724,"Az Gila Bend (Aaf), United States",Az Gila Bend (Aaf),AZ GILA BEND (AAF)
USM00074732,"Nm Holloman Afb, United States",Nm Holloman Afb,NM HOLLOMAN AFB
USM00074754,"La Alexandria, United States",La Alexandria,LA ALEXANDRIA
USM00074755,"La Claiborne Rng (Afs), United States",La Claiborne Rng (Afs),LA CLAIBORNE RNG (AFS)
USM00074768,"Ms Nasa Miss. Test, United States",Ms Nasa Miss. Test,MS NASA MISS. TEST
USM00074777,"Fl Hurlburt Field (Af), United States",Fl Hurlburt Field (Af),FL HURLBURT FIELD (AF)
USM00074778,"Fl Eglin Afb Range No., United States",Fl Eglin Afb Range No.,FL EGLIN AFB RANGE NO.
USM00074780,"Ga Fort Stewart Reserv, United States",Ga Fort Stewart Reserv,GA FORT STEWART RESERV
USM00074790,"Sc Shaw Afb/Sumter, United States",Sc Shaw Afb,SC SHAW AFB/SUMTER
USM00074792,"Sc Poinsett Range, United States",Sc Poinsett Range,SC POINSETT RANGE
USM00074794,"Fl Cape Kennedy, United States",Fl Cape Kennedy,FL CAPE KENNEDY
USM00074796,"Fl Avon Park Gunnery R, United States",Fl Avon Park Gunnery R,FL AVON PARK GUNNERY R
USM00091162,"Hi Barking Sands, United States",Hi Barking Sands,HI BARKING SANDS
USM00091165,"Hi Lihue; Kauai; Hawaii, United States",Hi Lihue; Kauai; Hawaii,HI LIHUE; KAUAI; HAWAII
USM00091170,"Hi Wahiawa, United States",Hi Wahiawa,HI WAHIAWA
USM00091176,"Hi Kaneohe Bay (Mcaf), United States",Hi Kaneohe Bay (Mcaf),HI KANEOHE BAY (MCAF)
USM00091182,"Hi Honolulu Intl, United States",Hi Honolulu Intl,HI HONOLULU INTL
USM00091190,"Hi Kahului Arpt/Maui, United States",Hi Kahului Arpt,HI KAHULUI ARPT/MAUI
USM00091285,"Hi Hilo Hi; Hawaii, United States",Hi Hilo Hi; Hawaii,HI HILO HI; HAWAII
USW00003123,"Ca Camp Pendleton, United States",Ca Camp Pendleton,CA CAMP PENDLETON
USW00003134,"Ca Baker, United States",Ca Baker,CA BAKER
USW00003138,"Ca Shoshone, United States",Ca Shoshone,CA SHOSHONE
USW00003143,"Nv Jackass Flats, United States",Nv Jackass Flats,NV JACKASS FLATS
USW00003835,"Oh Dayton Mccook Field, United States",Oh Dayton Mccook Field,OH DAYTON MCCOOK FIELD
USW00003955,"Ok Broken Arrow, United States",Ok Broken Arrow,OK BROKEN ARROW
USW00012802,"Fl Fort Myers (Buckingham Aaf), United States",Fl Fort Myers (Buckingham Aaf),FL FORT MYERS (BUCKINGHAM AAF)
USW00012803,"Fl Boca Raton (Aaf), United States",Fl Boca Raton (Aaf),FL BOCA RATON (AAF)
USW00012805,"Fl Sebring Hendricks Field, United States",Fl Sebring Hendricks Field,FL SEBRING HENDRICKS FIELD
USW00012810,"Fl Tampa Macdill Field, United States",Fl Tampa Macdill Field,FL TAMPA MACDILL FIELD
USW00012811,"Fl Fort Myers (Paige Field), United States",Fl Fort Myers (Paige Field),FL FORT MYERS (PAIGE FIELD)
USW00012814,"Fl Sarasota Aaf, United States",Fl Sarasota Aaf,FL SARASOTA AAF
USW00012815,"Fl Orlando (Pinecastle Aaf), United States",Fl Orlando (Pinecastle Aaf),FL ORLANDO (PINECASTLE AAF)
USW00012819,"Fl Leesburg (Aaf), United States",Fl Leesburg (Aaf),FL LEESBURG (AAF)
USW00012824,"Fl Orlando (Aab), United States",Fl Orlando (Aab),FL ORLANDO (AAB)
USW00012825,"Fl Venice (Aaf), United States",Fl Venice (Aaf),FL VENICE (AAF)
USW00012863,"La Burrwood, United States",La Burrwood,LA BURRWOOD
USW00012880,"Fl Delta Seven, United States",Fl Delta Seven,FL DELTA SEVEN
USW00012881,"Fl Valkaria, United States",Fl Valkaria,FL VALKARIA
USW00012901,"Tx Galveston (Fort Crockett), United States",Tx Galveston (Fort Crockett),TX GALVESTON (FORT CROCKETT)
USW00012902,"Tx San Antonio Fort Sam Housto, United States",Tx San Antonio Fort Sam Housto,TX SAN ANTONIO FORT SAM HOUSTO
USW00012904,"Tx Harlingen Aaf, United States",Tx Harlingen Aaf,TX HARLINGEN AAF
USW00012906,"Tx Houston Ellington Afb, United States",Tx Houston Ellington Afb,TX HOUSTON ELLINGTON AFB
USW00012908,"Tx Mission (Moore Field), United States",Tx Mission (Moore Field),TX MISSION (MOORE FIELD)
USW00012909,"Tx San Antonio (Kelly Field), United States",Tx San Antonio (Kelly Field),TX SAN ANTONIO (KELLY FIELD)
USW00012911,"Tx San Antonio Randolph Afb, United States",Tx San Antonio Randolph Afb,TX SAN ANTONIO RANDOLPH AFB
USW00012914,"Tx Victoria (Aloe Aaf), United States",Tx Victoria (Aloe Aaf),TX VICTORIA (ALOE AAF)
USW00012915,"Tx Brownsville (Fort Brown), United States",Tx Brownsville (Fort Brown),TX BROWNSVILLE (FORT BROWN)
USW00012920,"Tx Laredo, United States",Tx Laredo,TX LAREDO
USW00013702,"Va Hampton Langley Field, United States",Va Hampton Langley Field,VA HAMPTON LANGLEY FIELD
USW00013705,"Md Camp Springs (Andrews Afb), United States",Md Camp Springs (Andrews Afb),MD CAMP SPRINGS (ANDREWS AFB)
USW00013707,"De Dover (Aaf), United States",De Dover (Aaf),DE DOVER (AAF)
USW00013708,"De Wilmington (New Castle Aab), United States",De Wilmington (New Castle Aab),DE WILMINGTON (NEW CASTLE AAB)
USW00013710,"Dc Washington (Bolling Field), United States",Dc Washington (Bolling Field),DC WASHINGTON (BOLLING FIELD)
USW00013711,"Nc Laurinburg (Maxton Aab), United States",Nc Laurinburg (Maxton Aab),NC LAURINBURG (MAXTON AAB)
USW00013712,"Nc Wilmington (New Hanover Ap), United States",Nc Wilmington (New Hanover Ap),NC WILMINGTON (NEW HANOVER AP)
USW00013715,"Pa Uniontown Burgess Field, United States",Pa Uniontown Burgess Field,PA UNIONTOWN BURGESS FIELD
USW00013717,"Sc Myrtle Beach Aaf, United States",Sc Myrtle Beach Aaf,SC MYRTLE BEACH AAF
USW00013718,"Va Newport News (Fort Eustis), United States",Va Newport News (Fort Eustis),VA NEWPORT NEWS (FORT EUSTIS)
USW00013719,"Md Cumberland, United States",Md Cumberland,MD CUMBERLAND
USW00013729,"Wv Elkins, United States",Wv Elkins,WV ELKINS
USW00013733,"Va Lynchburg, United States",Va Lynchburg,VA LYNCHBURG
USW00013780,"Va Richmond City, United States",Va Richmond City,VA RICHMOND CITY
USW00013792,"Nc Oak Island, United States",Nc Oak Island,NC OAK ISLAND
USW00013801,"Al Montgomery (Gunter Field), United States",Al Montgomery (Gunter Field),AL MONTGOMERY (GUNTER FIELD)
USW00013802,"Il Belleville Scott Field, United States",Il Belleville Scott Field,IL BELLEVILLE SCOTT FIELD
USW00013804,"In Seymour Freeman Field, United States",In Seymour Freeman Field,IN SEYMOUR FREEMAN FIELD
USW00013805,"In Indianapolis Stout Field, United States",In Indianapolis Stout Field,IN INDIANAPOLIS STOUT FIELD
USW00013809,"Il Lawrenceville George Field, United States",Il Lawrenceville George Field,IL LAWRENCEVILLE GEORGE FIELD
USW00013810,"Ky Louisville (Bowman Field), United States",Ky Louisville (Bowman Field),KY LOUISVILLE (BOWMAN FIELD)
USW00013811,"In Madison Jefferson Prvgr, United States",In Madison Jefferson Prvgr,IN MADISON JEFFERSON PRVGR
USW00013812,"Oh Columbus Lockbourne Afb, United States",Oh Columbus Lockbourne Afb,OH COLUMBUS LOCKBOURNE AFB
USW00013814,"Ar Blytheville Afb, United States",Ar Blytheville Afb,AR BLYTHEVILLE AFB
USW00013815,"Ga Albany Turner Field, United States",Ga Albany Turner Field,GA ALBANY TURNER FIELD
USW00013817,"Ms Meridian (Key Field), United States",Ms Meridian (Key Field),MS MERIDIAN (KEY FIELD)
USW00013819,"Ga Bainbridge Aaf, United States",Ga Bainbridge Aaf,GA BAINBRIDGE AAF
USW00013820,"Ms Biloxi (Keesler Afb), United States",Ms Biloxi (Keesler Afb),MS BILOXI (KEESLER AFB)
USW00013821,"Al Montgomery (Maxwell Field), United States",Al Montgomery (Maxwell Field),AL MONTGOMERY (MAXWELL FIELD)
USW00013822,"Sc Greenville Donaldson Afb, United States",Sc Greenville Donaldson Afb,SC GREENVILLE DONALDSON AFB
USW00013824,"Ga Savannah Hunter Afb, United States",Ga Savannah Hunter Afb,GA SAVANNAH HUNTER AFB
USW00013825,"Ms Columbus Aaf, United States",Ms Columbus Aaf,MS COLUMBUS AAF
USW00013826,"Al Courtland (Aaf), United States",Al Courtland (Aaf),AL COURTLAND (AAF)
USW00013827,"Tn Smyrna Sewart Afb, United States",Tn Smyrna Sewart Afb,TN SMYRNA SEWART AFB
USW00013828,"Tn Dyersburg Aaf, United States",Tn Dyersburg Aaf,TN DYERSBURG AAF
USW00013829,"Ga Fort Benning Lawson Aaf, United States",Ga Fort Benning Lawson Aaf,GA FORT BENNING LAWSON AAF
USW00013830,"Sc Columbia Aab, United States",Sc Columbia Aab,SC COLUMBIA AAB
USW00013831,"Nc Charlotte Morris Field, United States",Nc Charlotte Morris Field,NC CHARLOTTE MORRIS FIELD
USW00013833,"Ms Hattiesburg, United States",Ms Hattiesburg,MS HATTIESBURG
USW00013835,"Ga Moultrie Spence Field, United States",Ga Moultrie Spence Field,GA MOULTRIE SPENCE FIELD
USW00013836,"Ga Macon Cochran Field, United States",Ga Macon Cochran Field,GA MACON COCHRAN FIELD
USW00013837,"Ga Augusta Daniel Field, United States",Ga Augusta Daniel Field,GA AUGUSTA DANIEL FIELD
USW00013838,"Al Mobile (Brookley Afb), United States",Al Mobile (Brookley Afb),AL MOBILE (BROOKLEY AFB)
USW00013839,"Al Dothan (Napier Field), United States",Al Dothan (Napier Field),AL DOTHAN (NAPIER FIELD)
USW00013846,"Fl Panama City (Tyndall Field), United States",Fl Panama City (Tyndall Field),FL PANAMA CITY (TYNDALL FIELD)
USW00013850,"Al Selma Craig Afb, United States",Al Selma Craig Afb,AL SELMA CRAIG AFB
USW00013851,"Fl Marianna (Aaf), United States",Fl Marianna (Aaf),FL MARIANNA (AAF)
USW00013855,"Ok Tullahoma William Northern, United States",Ok Tullahoma William Northern,OK TULLAHOMA WILLIAM NORTHERN
USW00013856,"Al Tuskegee (Aaf), United States",Al Tuskegee (Aaf),AL TUSKEGEE (AAF)
USW00013857,"Ga Valdosta Moody Afb, United States",Ga Valdosta Moody Afb,GA VALDOSTA MOODY AFB
USW00013859,"Sc Walterboro Aaf, United States",Sc Walterboro Aaf,SC WALTERBORO AAF
USW00013860,"Ga Warner Robins Robins Afb, United States",Ga Warner Robins Robins Afb,GA WARNER ROBINS ROBINS AFB
USW00013874,"Ga Atlanta, United States",Ga Atlanta,GA ATLANTA
USW00013882,"Tn Chattanooga, United States",Tn Chattanooga,TN CHATTANOOGA
USW00013893,"Tn Memphis, United States",Tn Memphis,TN MEMPHIS
USW00013894,"Al Mobile, United States",Al Mobile,AL MOBILE
USW00013903,"Ok Ardmore Afb, United States",Ok Ardmore Afb,OK ARDMORE AFB
USW00013904,"Tx Austin (Bergstrom Field), United States",Tx Austin (Bergstrom Field),TX AUSTIN (BERGSTROM FIELD)
USW00013905,"Tx College Station (Bryan Afb), United States",Tx College Station (Bryan Afb),TX COLLEGE STATION (BRYAN AFB)
USW00013907,"Tx Dallas Hensley Field, United States",Tx Dallas Hensley Field,TX DALLAS HENSLEY FIELD
USW00013909,"Ok Enid/Vance Afb, United States",Ok Enid,OK ENID/VANCE AFB
USW00013916,"Ok Muskogee (Hatbox Field/Aaf), United States",Ok Muskogee (Hatbox Field,OK MUSKOGEE (HATBOX FIELD/AAF)
USW00013920,"Ks Topeka (Forbes Afb), United States",Ks Topeka (Forbes Afb),KS TOPEKA (FORBES AFB)
USW00013923,"Tx Sherman Perrin Field, United States",Tx Sherman Perrin Field,TX SHERMAN PERRIN FIELD
USW00013924,"Tx Groesbeck, United States",Tx Groesbeck,TX GROESBECK
USW00013927,"Ms Jackson (Aab), United States",Ms Jackson (Aab),MS JACKSON (AAB)
USW00013928,"Tx Waco (James Connally Afb), United States",Tx Waco (James Connally Afb),TX WACO (JAMES CONNALLY AFB)
USW00013930,"Mo Knobnoster Sedalia Afb, United States",Mo Knobnoster Sedalia Afb,MO KNOBNOSTER SEDALIA AFB
USW00013933,"Ms Greenwood Aaf, United States",Ms Greenwood Aaf,MS GREENWOOD AAF
USW00013935,"La Alexandria (Esler Field), United States",La Alexandria (Esler Field),LA ALEXANDRIA (ESLER FIELD)
USW00013936,"La Baton Rouge (Harding Field), United States",La Baton Rouge (Harding Field),LA BATON ROUGE (HARDING FIELD)
USW00013937,"La De Ridder (Afb), United States",La De Ridder (Afb),LA DE RIDDER (AFB)
USW00013942,"La Monroe (Selman Field), United States",La Monroe (Selman Field),LA MONROE (SELMAN FIELD)
USW00013943,"La New Orleans (Aab), United States",La New Orleans (Aab),LA NEW ORLEANS (AAB)
USW00013944,"La Shreveport Barksdale Afb, United States",La Shreveport Barksdale Afb,LA SHREVEPORT BARKSDALE AFB
USW00013946,"Ks Victoria (Walker Aaf), United States",Ks Victoria (Walker Aaf),KS VICTORIA (WALKER AAF)
USW00013947,"Ks Marshall Field Fort Riley, United States",Ks Marshall Field Fort Riley,KS MARSHALL FIELD FORT RILEY
USW00013960,"Tx Dallas, United States",Tx Dallas,TX DALLAS
USW00013977,"Ar Texarkana, United States",Ar Texarkana,AR TEXARKANA
USW00013988,"Mo Kansas City, United States",Mo Kansas City,MO KANSAS CITY
USW00014702,"Ma Bedford Hanscom Ap, United States",Ma Bedford Hanscom Ap,MA BEDFORD HANSCOM AP
USW00014703,"Ma Chicopee Falls (Westover Af, United States",Ma Chicopee Falls (Westover Af,MA CHICOPEE FALLS (WESTOVER AF
USW00014704,"Ma Falmouth Otis Afb, United States",Ma Falmouth Otis Afb,MA FALMOUTH OTIS AFB
USW00014708,"Ny Hempstead Mitchell Afb, United States",Ny Hempstead Mitchell Afb,NY HEMPSTEAD MITCHELL AFB
USW00014709,"Ny New York University, United States",Ny New York University,NY NEW YORK UNIVERSITY
USW00014710,"Nh Manchester (Grenier Field), United States",Nh Manchester (Grenier Field),NH MANCHESTER (GRENIER FIELD)
USW00014711,"Pa Middletown Olmsted Afb, United States",Pa Middletown Olmsted Afb,PA MIDDLETOWN OLMSTED AFB
USW00014712,"Pa Reading Aaf, United States",Pa Reading Aaf,PA READING AAF
USW00014716,"Ma Cambridge Mit, United States",Ma Cambridge Mit,MA CAMBRIDGE MIT
USW00014719,"Ny Westhampton Suffolk County, United States",Ny Westhampton Suffolk County,NY WESTHAMPTON SUFFOLK COUNTY
USW00014721,"Ct Windsor Locks/Bradley Field, United States",Ct Windsor Locks,CT WINDSOR LOCKS/BRADLEY FIELD
USW00014722,"Nj Spring Lake Belmar, United States",Nj Spring Lake Belmar,NJ SPRING LAKE BELMAR
USW00014723,"Ny Fishers Island Fort H G Wri, United States",Ny Fishers Island Fort H G Wri,NY FISHERS ISLAND FORT H G WRI
USW00014725,"Nj Ft. Monmouth, United States",Nj Ft. Monmouth,NJ FT. MONMOUTH
USW00014726,"Ny Staten Island Miller Field, United States",Ny Staten Island Miller Field,NY STATEN ISLAND MILLER FIELD
USW00014734,"Nj Newark, United States",Nj Newark,NJ NEWARK
USW00014738,"Ny Binghamton, United States",Ny Binghamton,NY BINGHAMTON
USW00014742,"Vt Burlington, United States",Vt Burlington,VT BURLINGTON
USW00014748,"Ny Elmira, United States",Ny Elmira,NY ELMIRA
USW00014751,"Pa Harrisburg, United States",Pa Harrisburg,PA HARRISBURG
USW00014752,"Ct Hartford, United States",Ct Hartford,CT HARTFORD
USW00014755,"Nh Mount Washington, United States",Nh Mount Washington,NH MOUNT WASHINGTON
USW00014761,"Pa Philipsburg, United States",Pa Philipsburg,PA PHILIPSBURG
USW00014762,"Pa Pittsburgh, United States",Pa Pittsburgh,PA PITTSBURGH
USW00014771,"Ny Syracuse, United States",Ny Syracuse,NY SYRACUSE
USW00014804,"Mi Mount Clemens Selfridge Afb, United States",Mi Mount Clemens Selfridge Afb,MI MOUNT CLEMENS SELFRIDGE AFB
USW00014814,"Mi Alpena, United States",Mi Alpena,MI ALPENA
USW00014821,"Oh Columbus, United States",Oh Columbus,OH COLUMBUS
USW00014822,"Mi Detroit, United States",Mi Detroit,MI DETROIT
USW00014834,"Il Joliet, United States",Il Joliet,IL JOLIET
USW00014838,"Mi Marquette, United States",Mi Marquette,MI MARQUETTE
USW00014839,"Wi Milwaukee Wi Airport, United States",Wi Milwaukee Wi Airport,WI MILWAUKEE WI AIRPORT
USW00014853,"Mi Ypsilanti, United States",Mi Ypsilanti,MI YPSILANTI
USW00014884,"Mi East Lansing, United States",Mi East Lansing,MI EAST LANSING
USW00014892,"Il Chicago University, United States",Il Chicago University,IL CHICAGO UNIVERSITY
USW00014896,"Oh Akron, United States",Oh Akron,OH AKRON
USW00014903,"Ne Fort Omaha, United States",Ne Fort Omaha,NE FORT OMAHA
USW00014920,"Wi La Crosse, United States",Wi La Crosse,WI LA CROSSE
USW00014923,"Il Moline, United States",Il Moline,IL MOLINE
USW00014924,"Nd Pembina, United States",Nd Pembina,ND PEMBINA
USW00014927,"Mn St Paul, United States",Mn St Paul,MN ST PAUL
USW00021502,"Hi Morse Field, United States",Hi Morse Field,HI MORSE FIELD
USW00022002,"Tx Eagle Pass (Aaf), United States",Tx Eagle Pass (Aaf),TX EAGLE PASS (AAF)
USW00022003,"Tx Brackettville (Fort Clark), United States",Tx Brackettville (Fort Clark),TX BRACKETTVILLE (FORT CLARK)
USW00022004,"Tx Del Rio Texas, United States",Tx Del Rio Texas,TX DEL RIO TEXAS
USW00022502,"Hi Molokai Homestead Field, United States",Hi Molokai Homestead Field,HI MOLOKAI HOMESTEAD FIELD
USW00022504,"Hi Honolulu Hickam Field, United States",Hi Honolulu Hickam Field,HI HONOLULU HICKAM FIELD
USW00022505,"Hi Kahuku Aab, United States",Hi Kahuku Aab,HI KAHUKU AAB
USW00022514,"Hi Barbers Point Nas, United States",Hi Barbers Point Nas,HI BARBERS POINT NAS
USW00023001,"Az Douglas (Aaf), United States",Az Douglas (Aaf),AZ DOUGLAS (AAF)
USW00023006,"Nm Carlsbad Aaf, United States",Nm Carlsbad Aaf,NM CARLSBAD AAF
USW00023008,"Nm Clovis Aaf, United States",Nm Clovis Aaf,NM CLOVIS AAF
USW00023010,"Tx Dalhart, United States",Tx Dalhart,TX DALHART
USW00023011,"Nm Deming Aaf, United States",Nm Deming Aaf,NM DEMING AAF
USW00023012,"Co Denver (Lowry Field), United States",Co Denver (Lowry Field),CO DENVER (LOWRY FIELD)
USW00023019,"Tx El Paso (Biggs Afb), United States",Tx El Paso (Biggs Afb),TX EL PASO (BIGGS AFB)
USW00023021,"Tx Reese Afb, United States",Tx Reese Afb,TX REESE AFB
USW00023027,"Tx Pyote (Afb), United States",Tx Pyote (Afb),TX PYOTE (AFB)
USW00023030,"Tx Dryden Aaf, United States",Tx Dryden Aaf,TX DRYDEN AAF
USW00023031,"Nm Lordsburg Aaf, United States",Nm Lordsburg Aaf,NM LORDSBURG AAF
USW00023038,"Tx El Paso (Fort Bliss), United States",Tx El Paso (Fort Bliss),TX EL PASO (FORT BLISS)
USW00023041,"Tx Big Spring, United States",Tx Big Spring,TX BIG SPRING
USW00023043,"Nm Roswell, United States",Nm Roswell,NM ROSWELL
USW00023052,"Nm Raton, United States",Nm Raton,NM RATON
USW00023068,"Co Pueblo, United States",Co Pueblo,CO PUEBLO
USW00023102,"Ca Bakersfield (Minter Field), United States",Ca Bakersfield (Minter Field),CA BAKERSFIELD (MINTER FIELD)
USW00023103,"Ca Blythe, United States",Ca Blythe,CA BLYTHE
USW00023104,"Az Chandler (Williams Field), United States",Az Chandler (Williams Field),AZ CHANDLER (WILLIAMS FIELD)
USW00023108,"Az Kingman (Aaf), United States",Az Kingman (Aaf),AZ KINGMAN (AAF)
USW00023109,"Az Tucson (Davis-Monthan Afb), United States",Az Tucson (Davis-Monthan Afb),AZ TUCSON (DAVIS-MONTHAN AFB)
USW00023110,"Ca Lemoore, United States",Ca Lemoore,CA LEMOORE
USW00023111,"Az Phoenix (Luke Field), United States",Az Phoenix (Luke Field),AZ PHOENIX (LUKE FIELD)
USW00023117,"Ca Palm Springs (Aaf), United States",Ca Palm Springs (Aaf),CA PALM SPRINGS (AAF)
USW00023119,"Ca Riverside (March Afb), United States",Ca Riverside (March Afb),CA RIVERSIDE (MARCH AFB)
USW00023122,"Ca San Bernardino (Norton Afb), United States",Ca San Bernardino (Norton Afb),CA SAN BERNARDINO (NORTON AFB)
USW00023126,"Ca Taft (Gardner Field), United States",Ca Taft (Gardner Field),CA TAFT (GARDNER FIELD)
USW00023131,"Ca Victorville (George Afb), United States",Ca Victorville (George Afb),CA VICTORVILLE (GEORGE AFB)
USW00023132,"Ca Thermal (Aaf), United States",Ca Thermal (Aaf),CA THERMAL (AAF)
USW00023136,"Ca Oxnard (Flight Strip), United States",Ca Oxnard (Flight Strip),CA OXNARD (FLIGHT STRIP)
USW00023139,"Ca Lomita (Aaf), United States",Ca Lomita (Aaf),CA LOMITA (AAF)
USW00023140,"Az Coolidge (Aaf), United States",Az Coolidge (Aaf),AZ COOLIDGE (AAF)
USW00023151,"Ca San Francisco Crissy Field, United States",Ca San Francisco Crissy Field,CA SAN FRANCISCO CRISSY FIELD
USW00023152,"Ca Burbank, United States",Ca Burbank,CA BURBANK
USW00023155,"Ca Bakersfield, United States",Ca Bakersfield,CA BAKERSFIELD
USW00023177,"Ut Modena, United States",Ut Modena,UT MODENA
USW00023178,"Ca Mount Laguna, United States",Ca Mount Laguna,CA MOUNT LAGUNA
USW00023183,"Az Phoenix, United States",Az Phoenix,AZ PHOENIX
USW00023188,"Ca San Diego (Lindbergh Field), United States",Ca San Diego (Lindbergh Field),CA SAN DIEGO (LINDBERGH FIELD)
USW00023206,"Ca Sacramento (Mather Afb), United States",Ca Sacramento (Mather Afb),CA SACRAMENTO (MATHER AFB)
USW00023207,"Ca Salinas (Aab), United States",Ca Salinas (Aab),CA SALINAS (AAB)
USW00023211,"Ca San Rafael (Hamilton Afb), United States",Ca San Rafael (Hamilton Afb),CA SAN RAFAEL (HAMILTON AFB)
USW00023213,"Ca Santa Rosa (Aaf), United States",Ca Santa Rosa (Aaf),CA SANTA ROSA (AAF)
USW00023214,"Ca Stockton (Field), United States",Ca Stockton (Field),CA STOCKTON (FIELD)
USW00023234,"Ca San Francisco, United States",Ca San Francisco,CA SAN FRANCISCO
USW00024001,"Ne Ainsworth Aaf, United States",Ne Ainsworth Aaf,NE AINSWORTH AAF
USW00024002,"Ne Alliance Aaf, United States",Ne Alliance Aaf,NE ALLIANCE AAF
USW00024014,"Nd Williston, United States",Nd Williston,ND WILLISTON
USW00024016,"Wy Casper Wyo, United States",Wy Casper Wyo,WY CASPER WYO
USW00024027,"Wy Rock Springs, United States",Wy Rock Springs,WY ROCK SPRINGS
USW00024035,"Mt Havre, United States",Mt Havre,MT HAVRE
USW00024101,"Ut Ogden (Hill Afb), United States",Ut Ogden (Hill Afb),UT OGDEN (HILL AFB)
USW00024110,"Wa Moses Lake (Larson Afb), United States",Wa Moses Lake (Larson Afb),WA MOSES LAKE (LARSON AFB)
USW00024134,"Or Burns, United States",Or Burns,OR BURNS
USW00024135,"Mt Butte, United States",Mt Butte,MT BUTTE
USW00024156,"Id Pocatello, United States",Id Pocatello,ID POCATELLO
USW00024163,"Wa Pasco, United States",Wa Pasco,WA PASCO
USW00024203,"Wa Everett (Paine Field), United States",Wa Everett (Paine Field),WA EVERETT (PAINE FIELD)
USW00024206,"Ca Redding (Aaf), United States",Ca Redding (Aaf),CA REDDING (AAF)
USW00024207,"Wa Tacoma (Mcchord Afb), United States",Wa Tacoma (Mcchord Afb),WA TACOMA (MCCHORD AFB)
USW00024220,"Wa Ellensburg, United States",Wa Ellensburg,WA ELLENSBURG
USW00024228,"Wa Port Angeles, United States",Wa Port Angeles,WA PORT ANGELES
USW00024234,"Wa Seattle (Boeing Field), United States",Wa Seattle (Boeing Field),WA SEATTLE (BOEING FIELD)
USW00024264,"Ca Redding, United States",Ca Redding,CA REDDING
USW00025325,"Ak Ketchikan, United States",Ak Ketchikan,AK KETCHIKAN
USW00026401,"Ak Anchorage Elmendorf Field, United States",Ak Anchorage Elmendorf Field,AK ANCHORAGE ELMENDORF FIELD
USW00026410,"Ak Cordova, United States",Ak Cordova,AK CORDOVA
USW00026414,"Ak Summit, United States",Ak Summit,AK SUMMIT
USW00026508,"Ak Umiat, United States",Ak Umiat,AK UMIAT
USW00026509,"Ak Galena, United States",Ak Galena,AK GALENA
USW00026601,"Ak Point Hope, United States",Ak Point Hope,AK POINT HOPE
USW00026605,"Ak Nunivak Aaf, United States",Ak Nunivak Aaf,AK NUNIVAK AAF
USW00026608,"Ak Unalakleet, United States",Ak Unalakleet,AK UNALAKLEET
USW00026618,"Ak Wales, United States",Ak Wales,AK WALES
USW00026635,"Ak Mountain Village, United States",Ak Mountain Village,AK MOUNTAIN VILLAGE
USW00026636,"Ak Cape Thompson, United States",Ak Cape Thompson,AK CAPE THOMPSON
USW00045703,"Ak Kiska Island, United States",Ak Kiska Island,AK KISKA ISLAND
USW00073807,"Ga Leesburg, United States",Ga Leesburg,GA LEESBURG
USW00073808,"Tn Knoxville (Island Airport), United States",Tn Knoxville (Island Airport),TN KNOXVILLE (ISLAND AIRPORT)
USW00093062,"Nm Frye Site, United States",Nm Frye Site,NM FRYE SITE
USW00093130,"Ca Glendale, United States",Ca Glendale,CA GLENDALE
USW00093170,"Ca Lebec, United States",Ca Lebec,CA LEBEC
USW00093204,"Ca Hollister, United States",Ca Hollister,CA HOLLISTER
USW00093701,"Nj Camden, United States",Nj Camden,NJ CAMDEN
USW00093756,"Md Edgewood, United States",Md Edgewood,MD EDGEWOOD
USW00093804,"Sc Spartanburg, United States",Sc Spartanburg,SC SPARTANBURG
USW00093812,"Oh Cincinnati (Lunken Airport), United States",Oh Cincinnati (Lunken Airport),OH CINCINNATI (LUNKEN AIRPORT)
USW00093821,"Ky Louisville, United States",Ky Louisville,KY LOUISVILLE
USW00093822,"Il Springfield, United States",Il Springfield,IL SPRINGFIELD
USW00093871,"Sc Due West, United States",Sc Due West,SC DUE WEST
USW00093877,"Tn Murfreesboro, United States",Tn Murfreesboro,TN MURFREESBORO
USW00093917,"Ms Vicksburg, United States",Ms Vicksburg,MS VICKSBURG
USW00093963,"Mo St Louis, United States",Mo St Louis,MO ST LOUIS
USW00094176,"Wa Spokane (Felts Field), United States",Wa Spokane (Felts Field),WA SPOKANE (FELTS FIELD)
USW00094730,"Ma North Truro, United States",Ma North Truro,MA NORTH TRURO
USW00094750,"Pa Bellefonte, United States",Pa Bellefonte,PA BELLEFONTE
USW00094761,"Ny Ithaca, United States",Ny Ithaca,NY ITHACA
USW00094763,"Pa Kylertown, United States",Pa Kylertown,PA KYLERTOWN
USW00094775,"Ri Point Judith, United States",Ri Point Judith,RI POINT JUDITH
USW00094881,"In Royal Center, United States",In Royal Center,IN ROYAL CENTER
USW00094922,"Ia Waverly, United States",Ia Waverly,IA WAVERLY
USW00094925,"Nd Grand Forks Afb, United States",Nd Grand Forks Afb,ND GRAND FORKS AFB
USW00094937,"Nd Ellendale, United States",Nd Ellendale,ND ELLENDALE
USW00094941,"Ne Drexel, United States",Ne Drexel,NE DREXEL
USXUA027180,"Nv Usaf-Ds3-496, United States",Nv Usaf-Ds3-496,NV USAF-DS3-496
USXUA027200,"Md Usaf-Ds3-504, United States",Md Usaf-Ds3-504,MD USAF-DS3-504
USXUA027260,"Tx Usaf-Ds3-527, United States",Tx Usaf-Ds3-527,TX USAF-DS3-527
USXUA027270,"Ca Usaf-Ds3-529, United States",Ca Usaf-Ds3-529,CA USAF-DS3-529
USXUA027280,"Ok Usaf-Ds3-530, United States",Ok Usaf-Ds3-530,OK USAF-DS3-530
USXUA724586,"Ks Salina, United States",Ks Salina,KS SALINA
USXUA724755,"Ut St. George, United States",Ut St. George,UT ST. GEORGE
USXUA725185,"Ny Rome, United States",Ny Rome,NY ROME
USXUAC03522,"Co La Junta, United States",Co La Junta,CO LA JUNTA
USXUAC03540,"Ca Auburn, United States",Ca Auburn,CA AUBURN
USXUAC03671,"Co Akron, United States",Co Akron,CO AKRON
UVM00043243,"Kavali, Burkina Faso",Kavali,KAVALI
UVM00065503,"Ouagadougou, Burkina Faso",Ouagadougou,OUAGADOUGOU
UVM00065510,"Bobo-Dioulasso, Burkina Faso",Bobo-Dioulasso,BOBO-DIOULASSO
UZM00038413,"Tamdy, Uzbekistan",Tamdy,TAMDY
UZM00038457,"Tashkent, Uzbekistan",Tashkent,TASHKENT
UZM00038606,"Kokand, Uzbekistan",Kokand,KOKAND
UZM00038927,"Termez, Uzbekistan",Termez,TERMEZ
VEM00080407,"Maracaibo-La Chinit, Venezuela",Maracaibo-La Chinit,MARACAIBO-LA CHINIT
VEM00080410,"Barquisimeto, Venezuela",Barquisimeto,BARQUISIMETO
VEM00080413,"Maracay - B.A. Sucre, Venezuela",Maracay - B.A. Sucre,MARACAY - B.A. SUCRE
VEM00080415,"Caracas/Maiquetia A, Venezuela",Caracas,CARACAS/MAIQUETIA A
VEM00080419,"Barcelona, Venezuela",Barcelona,BARCELONA
VEM00080421,"Porlamar, Venezuela",Porlamar,PORLAMAR
VEM00080422,"Carupano; Sucre, Venezuela",Carupano; Sucre,CARUPANO; SUCRE
VEM00080425,"Mene Grande, Venezuela",Mene Grande,MENE GRANDE
VEM00080435,"Maturin, Venezuela",Maturin,MATURIN
VEM00080444,"Ciudad Bolivar, Venezuela",Ciudad Bolivar,CIUDAD BOLIVAR
VEM00080447,"San Antonio Del Tachira, Venezuela",San Antonio Del Tachira,SAN ANTONIO DEL TACHIRA
VEM00080448,"Guasdualito, Venezuela",Guasdualito,GUASDUALITO
VEM00080450,"San Fernando De Apure, Venezuela",San Fernando De Apure,SAN FERNANDO DE APURE
VEM00080453,"Tumeremo, Venezuela",Tumeremo,TUMEREMO
VEM00080462,"Santa Elena De Uairen, Venezuela",Santa Elena De Uairen,SANTA ELENA DE UAIREN
VEM00080476,"La Canada, Venezuela",La Canada,LA CANADA
VMM00048820,"Ha Noi, Vietnam",Ha Noi,HA NOI
VMM00048839,"Bach Long Vi (Radiosonde), Vietnam",Bach Long Vi (Radiosonde),BACH LONG VI (RADIOSONDE)
VMM00048845,"Vinh, Vietnam",Vinh,VINH
VMM00048849,"Dong Ha, Vietnam",Dong Ha,DONG HA
VMM00048851,"Quang Tri, Vietnam",Quang Tri,QUANG TRI
VMM00048852,"Hue/Phu Bai, Vietnam",Hue,HUE/PHU BAI
VMM00048855,"Da Nang, Vietnam",Da Nang,DA NANG
VMM00048858,"Pleiku Ab, Vietnam",Pleiku Ab,PLEIKU AB
VMM00048864,"Chu Lai, Vietnam",Chu Lai,CHU LAI
VMM00048867,"An Khe (Vvak), Vietnam",An Khe (Vvak),AN KHE (VVAK)
VMM00048870,"Quy Nhon, Vietnam",Quy Nhon,QUY NHON
VMM00048877,"Nha Trang, Vietnam",Nha Trang,NHA TRANG
VMM00048887,"Phan Thiet, Vietnam",Phan Thiet,PHAN THIET
VMM00048896,"Bien Hoa (Vvbh), Vietnam",Bien Hoa (Vvbh),BIEN HOA (VVBH)
VMM00048900,"Tan Son Hoa, Vietnam",Tan Son Hoa,TAN SON HOA
VMM00048902,"Baria (Phuoc Le), Vietnam",Baria (Phuoc Le),BARIA (PHUOC LE)
VMM00048913,"Ba-Xuyen/Soc Trang, Vietnam",Ba-Xuyen,BA-XUYEN/SOC TRANG
VMM00048914,"Ca Mau, Vietnam",Ca Mau,CA MAU
VMXUAC03992,"An Loc, Vietnam",An Loc,AN LOC
VQW00011602,"Vi St Croix (Benedict Field), Virgin Islands U.S.",Vi St Croix (Benedict Field),VI ST CROIX (BENEDICT FIELD)
WAM00068014,"Grootfontein, Namibia",Grootfontein,GROOTFONTEIN
WAM00068098,"Walvis Bay Airport, Namibia",Walvis Bay Airport,WALVIS BAY AIRPORT
WAM00068110,"Windhoek, Namibia",Windhoek,WINDHOEK
WAM00068112,"Hosea Kutako Intl A, Namibia",Hosea Kutako Intl A,HOSEA KUTAKO INTL A
WAM00068312,"Keetmanshoop Airport, Namibia",Keetmanshoop Airport,KEETMANSHOOP AIRPORT
WIM00060096,"Dakhla, Western Sahara",Dakhla,DAKHLA
WQM00091245,"Wake Is, Wake Island",Wake Is,WAKE IS
WSM00091762,"Apia, Samoa",Apia,APIA
YMM00041344,"Sana'A (Civ/Mil), Yemen",Sana'A (Civ,SANA'A (CIV/MIL)
YMM00041360,"Hodeidah (Civ/Mil), Yemen",Hodeidah (Civ,HODEIDAH (CIV/MIL)
YMM00041390,"Taiz (Civ/Mil), Yemen",Taiz (Civ,TAIZ (CIV/MIL)
YMM00041404,"Sanaa, Yemen",Sanaa,SANAA
YMM00041480,"Aden, Yemen",Aden,ADEN
ZAM00067441,"Mwinlunga, Zambia",Mwinlunga,MWINLUNGA
ZAM00067475,"Kasama, Zambia",Kasama,KASAMA
ZAM00067561,"Ndola, Zambia",Ndola,NDOLA
ZAM00067581,"Chipata, Zambia",Chipata,CHIPATA
ZAM00067633,"Mongu, Zambia",Mongu,MONGU
ZAM00067663,"Kabwe, Zambia",Kabwe,KABWE
ZAM00067666,"Lusaka City Airport, Zambia",Lusaka City Airport,LUSAKA CITY AIRPORT
ZAM00067743,"Livingstone, Zambia",Livingstone,LIVINGSTONE
ZIM00067761,"Kariba, Zimbabwe",Kariba,KARIBA
ZIM00067765,"Karoi, Zimbabwe",Karoi,KAROI
ZIM00067774,"Harare (Belvedere), Zimbabwe",Harare (Belvedere),HARARE (BELVEDERE)
ZIM00067775,"Harare (Kutsaga), Zimbabwe",Harare (Kutsaga),HARARE (KUTSAGA)
ZIM00067781,"Mutoko, Zimbabwe",Mutoko,MUTOKO
ZIM00067843,"Victoria Falls, Zimbabwe",Victoria Falls,VICTORIA FALLS
ZIM00067853,"Hwange National Par, Zimbabwe",Hwange National Par,HWANGE NATIONAL PAR
ZIM00067861,"Gokwe, Zimbabwe",Gokwe,GOKWE
ZIM00067867,"Gweru, Zimbabwe",Gweru,GWERU
ZIM00067869,"Kadoma, Zimbabwe",Kadoma,KADOMA
ZIM00067881,"Rusape, Zimbabwe",Rusape,RUSAPE
ZIM00067885,"Usaf-Ds3-471, Zimbabwe",Usaf-Ds3-471,USAF-DS3-471
ZIM00067964,"Bulawayo, Zimbabwe",Bulawayo,BULAWAYO
ZIM00067975,"Masvingo, Zimbabwe",Masvingo,MASVINGO
ZIM00067977,"Buffalo Range, Zimbabwe",Buffalo Range,BUFFALO RANGE
ZIM00067991,"Beitbridge, Zimbabwe",Beitbridge,BEITBRIDGE
ZZM00055385,"Usaf-Ds3-370, Ocean",Usaf-Ds3-370,USAF-DS3-370
ZZM00099006,"Ocean Weather Ship A, Ocean",Ocean Weather Ship A,OCEAN WEATHER SHIP A
ZZM00099007,"Ocean Weather Ship B, Ocean",Ocean Weather Ship B,OCEAN WEATHER SHIP B
ZZM00099008,"Ocean Weather Ship C, Ocean",Ocean Weather Ship C,OCEAN WEATHER SHIP C
ZZM00099009,"Ocean Weather Ship D, Ocean",Ocean Weather Ship D,OCEAN WEATHER SHIP D
ZZM00099010,"Ocean Weather Ship E, Ocean",Ocean Weather Ship E,OCEAN WEATHER SHIP E
ZZM00099013,"Ocean Weather Ship H, Ocean",Ocean Weather Ship H,OCEAN WEATHER SHIP H
ZZM00099014,"Ocean Weather Ship I, Ocean",Ocean Weather Ship I,OCEAN WEATHER SHIP I
ZZM00099015,"Ocean Weather Ship J, Ocean",Ocean Weather Ship J,OCEAN WEATHER SHIP J
ZZM00099016,"Ocean Weather Ship K, Ocean",Ocean Weather Ship K,OCEAN WEATHER SHIP K
ZZM00099018,"Ocean Weather Ship M, Ocean",Ocean Weather Ship M,OCEAN WEATHER SHIP M
ZZM00099019,"Ocean Weather Ship N, Ocean",Ocean Weather Ship N,OCEAN WEATHER SHIP N
ZZM00099021,"Ocean Weather Ship P, Ocean",Ocean Weather Ship P,OCEAN WEATHER SHIP P
ZZM00099025,"Ocean Weather Ship T, Ocean",Ocean Weather Ship T,OCEAN WEATHER SHIP T
ZZM00099027,"Ocean Weather Ship V, Ocean",Ocean Weather Ship V,OCEAN WEATHER SHIP V
ZZM00099223,"Mi Environm Buoy 45003, Ocean",Mi Environm Buoy 45003,MI ENVIRONM BUOY 45003
ZZM00099276,"Environm Buoy 44005, Ocean",Environm Buoy 44005,ENVIRONM BUOY 44005
ZZM00099286,"Environm Buoy 62027, Ocean",Environm Buoy 62027,ENVIRONM BUOY 62027
ZZV0000DBBH,"Meteor, Ocean",Meteor,METEOR
ZZV0000DBFM,"Meerkatze, Ocean",Meerkatze,MEERKATZE
ZZV0000DBLK,"Polarstern, Ocean",Polarstern,POLARSTERN
ZZV0000DCMS,"Dolores, Ocean",Dolores,DOLORES
ZZV0000DESI,"Valdivia, Ocean",Valdivia,VALDIVIA
ZZV0000DFCG,"Sonne, Ocean",Sonne,SONNE
ZZV0000DKIW,"Merkur Portugal, Ocean",Merkur Portugal,MERKUR PORTUGAL
ZZV0000DZHA,"Manila Bay, Ocean",Manila Bay,MANILA BAY
ZZV0000EBUQ,"Esperanza Del Mar, Ocean",Esperanza Del Mar,ESPERANZA DEL MAR
ZZV0000EREB,"Briz, Ocean",Briz,BRIZ
ZZV0000EREI,"Okean, Ocean",Okean,OKEAN
ZZV0000ERES,"Viktor Bugayev, Ocean",Viktor Bugayev,VIKTOR BUGAYEV
ZZV0000FNOR,"Fort Royal, Ocean",Fort Royal,FORT ROYAL
ZZV0000FNOU,"Fort Fleur D'Epee, Ocean",Fort Fleur D'Epee,FORT FLEUR D'EPEE
ZZV0000FNPH,"Fort Desaix, Ocean",Fort Desaix,FORT DESAIX
ZZV0000FNRS,"Douce France, Ocean",Douce France,DOUCE FRANCE
ZZV0000FQFL,"Cma-Cgm Fort Saint Louis (A, Ocean",Cma-Cgm Fort Saint Louis (A,CMA-CGM FORT SAINT LOUIS (A
ZZV0000FQFM,"Cma-Cgm Fort Saint Pierre, Ocean",Cma-Cgm Fort Saint Pierre,CMA-CGM FORT SAINT PIERRE
ZZV0000JBOA,"Keifu Maru, Ocean",Keifu Maru,KEIFU MARU
ZZV0000JCCX,"Chofu Maru, Ocean",Chofu Maru,CHOFU MARU
ZZV0000JDWX,"Kofu Maru, Ocean",Kofu Maru,KOFU MARU
ZZV0000JGQH,"Ryofu Maru, Ocean",Ryofu Maru,RYOFU MARU
ZZV0000JIVB,"Seifu Maru, Ocean",Seifu Maru,SEIFU MARU
ZZV0000JNSR,"Mirai, Ocean",Mirai,MIRAI
ZZV0000JPBN,"Keifu Maru, Ocean",Keifu Maru,KEIFU MARU
ZZV0000KAOU,"Roger Revelle (Aws), Ocean",Roger Revelle (Aws),ROGER REVELLE (AWS)
ZZV0000KHRH,"Sealand Developer, Ocean",Sealand Developer,SEALAND DEVELOPER
ZZV0000KNIJ,"Manulani, Ocean",Manulani,MANULANI
ZZV0000LDWR,"Polarfront, Ocean",Polarfront,POLARFRONT
ZZV0000LGKI,"Lance, Ocean",Lance,LANCE
ZZV0000SMLQ,"Oden, Ocean",Oden,ODEN
ZZV0000SWJS,"Peljasper, Ocean",Peljasper,PELJASPER
ZZV0000UBLF,"Akademik Kurchatov, Ocean",Akademik Kurchatov,AKADEMIK KURCHATOV
ZZV0000UBNZ,"Akademik Shuleykin, Ocean",Akademik Shuleykin,AKADEMIK SHULEYKIN
ZZV0000UFTA,"Volgoneft-131, Ocean",Volgoneft-131,VOLGONEFT-131
ZZV0000UHQS,"Akademik Korolyov, Ocean",Akademik Korolyov,AKADEMIK KOROLYOV
ZZV0000UVMJ,"Vsevolod Beryozkin, Ocean",Vsevolod Beryozkin,VSEVOLOD BERYOZKIN
ZZV0000UZGH,"Passat, Ocean",Passat,PASSAT
ZZV0000V2LV,"Ual Texas, Ocean",Ual Texas,UAL TEXAS
ZZV0000V2XM,"Skogafoss, Ocean",Skogafoss,SKOGAFOSS
ZZV0000V2XO,"Lagarfoss, Ocean",Lagarfoss,LAGARFOSS
ZZV0000VPHA,"Oocl Challenge, Ocean",Oocl Challenge,OOCL CHALLENGE
ZZV0000WPKD,"Galveston Bay, Ocean",Galveston Bay,GALVESTON BAY
ZZV0000WTEC,"Ronald H. Brown (Aws), Ocean",Ronald H. Brown (Aws),RONALD H. BROWN (AWS)
ZZV0000ZDLG,"Bransfield, Ocean",Bransfield,BRANSFIELD
ZZV0000ZSAF,"S. A. Agulhas, Ocean",S. A. Agulhas,S. A. AGULHAS
ZZV000ASDK3,"Asdk3, Ocean",Asdk3,ASDK3
ZZV000ASFR1,"Asfr1, Ocean",Asfr1,ASFR1
ZZV000ASFR2,"Asfr2, Ocean",Asfr2,ASFR2
ZZV000ASFR3,"Asfr3, Ocean",Asfr3,ASFR3
ZZV000ASFR4,"Asfr4, Ocean",Asfr4,ASFR4
ZZV000ELML7,"Hornbay, Ocean",Hornbay,HORNBAY
ZZV000LADB2,"Skaugran, Ocean",Skaugran,SKAUGRAN
ZZV000LAJV4,"Skaubryn, Ocean",Skaubryn,SKAUBRYN
ZZV000OVYA2,"Arina Arctica, Ocean",Arina Arctica,ARINA ARCTICA
ZZV000OXTS2,"Irena Arctica, Ocean",Irena Arctica,IRENA ARCTICA
ZZV000OXVH2,"Naja Arctica, Ocean",Naja Arctica,NAJA ARCTICA
ZZV000OXYH2,"Nuka Arctica, Ocean",Nuka Arctica,NUKA ARCTICA
ZZV000P3OO4,"Dragon Bay, Ocean",Dragon Bay,DRAGON BAY
ZZV000VSBV3,"Canmar Ambassador, Ocean",Canmar Ambassador,CANMAR AMBASSADOR
ZZV000ZCBP6,"Mississauga Express, Ocean",Mississauga Express,MISSISSAUGA EXPRESS
ZZV00ASDE01,"Asde01, Ocean",Asde01,ASDE01
ZZV00ASDE02,"Asde02, Ocean",Asde02,ASDE02
ZZV00ASDE03,"Asde03, Ocean",Asde03,ASDE03
ZZV00ASDE04,"Asde04, Ocean",Asde04,ASDE04
ZZV00ASDE09,"Asde09, Ocean",Asde09,ASDE09
ZZV00ASDK01,"Asdk01, Ocean",Asdk01,ASDK01
ZZV00ASDK02,"Asdk02, Ocean",Asdk02,ASDK02
ZZV00ASDK03,"Asdk03, Ocean",Asdk03,ASDK03
ZZV00ASES01,"Ases01, Ocean",Ases01,ASES01
ZZV00ASEU01,"Aseu01, Ocean",Aseu01,ASEU01
ZZV00ASEU02,"Aseu02, Ocean",Aseu02,ASEU02
ZZV00ASEU03,"Aseu03, Ocean",Aseu03,ASEU03
ZZV00ASEU04,"Aseu04, Ocean",Aseu04,ASEU04
ZZV00ASEU05,"Aseu05, Ocean",Aseu05,ASEU05
ZZV00ASEU06,"Aseu06, Ocean",Aseu06,ASEU06
ZZV00ASGB01,"Asgb01, Ocean",Asgb01,ASGB01
ZZXUAE04977,"Weathership K Cirrus, Ocean",Weathership K Cirrus,WEATHERSHIP K CIRRUS
ZZXUAICE002,"Np02, Ocean",Np02,NP02
ZZXUAICE003,"Np03, Ocean",Np03,NP03
ZZXUAICE004,"Np04, Ocean",Np04,NP04
ZZXUAICE005,"Np05, Ocean",Np05,NP05
ZZXUAICE006,"Np06, Ocean",Np06,NP06
ZZXUAICE007,"Np07, Ocean",Np07,NP07
ZZXUAICE008,"Np08, Ocean",Np08,NP08
ZZXUAICE009,"Np09, Ocean",Np09,NP09
ZZXUAICE010,"Np10, Ocean",Np10,NP10
ZZXUAICE011,"Np11, Ocean",Np11,NP11
ZZXUAICE012,"Np12, Ocean",Np12,NP12
ZZXUAICE013,"Np13, Ocean",Np13,NP13
ZZXUAICE014,"Np14, Ocean",Np14,NP14
ZZXUAICE015,"Np15, Ocean",Np15,NP15
ZZXUAICE016,"Np16, Ocean",Np16,NP16
ZZXUAICE017,"Np17, Ocean",Np17,NP17
ZZXUAICE019,"Np19, Ocean",Np19,NP19
ZZXUAICE021,"Np21, Ocean",Np21,NP21
ZZXUAICE022,"Np22, Ocean",Np22,NP22
ZZXUAICE026,"Np26, Ocean",Np26,NP26
ZZXUAICE028,"Np28, Ocean",Np28,NP28
ZZXUAICE030,"Np30, Ocean",Np30,NP30
ZZXUAICE031,"Np31, Ocean",Np31,NP31
